to;akt.název.vyhlášený
145/1946 Sb.;Dohoda medzi Československom a Maďarskom o výmene obyvateľstva
296/1995 Sb.;Nález Ústavního soudu České republiky ze dne 18. října 1995 ve věci návrhu na zrušení některých ustanovení zákona č. 424/1991 Sb., o sdružování v politických stranách a v politických hnutích, ve znění zákona č. 117/1994 Sb., a § 3 odst. 4 zákona č. 166/1993 Sb., o Nejvyšším kontrolním úřadu, ve znění zákona č. 117/1994 Sb.
72/1995 Sb.;Nález Ústavního soudu České republiky ze dne 28. března 1995 ve věci návrhu na zrušení § 46 zákona o rodině č. 94/1963 Sb., § 19 odst. 1 písm. a) č. 1 zákona České národní rady č. 114/1988 Sb., o působnosti orgánů České socialistické republiky v sociálním zabezpečení, a § 15 vyhlášky Ministerstva práce a sociálních věcí České republiky č. 182/1991 Sb., kterou se provádí zákon o sociálním zabezpečení a zákon České národní rady o působnosti orgánů České republiky v sociálním zabezpečení
243/1999 Sb.;Nález Ústavního soudu ze dne 13. října 1999 ve věci návrhu na zrušení části § 85 třetí věty zákona č. 247/1995 Sb., o volbách do Parlamentu České republiky a o změně a doplnění některých dalších zákonů
52/2001 Sb.;Nález Ústavního soudu ze dne 17. ledna 2001 ve věci návrhu na zrušení § 83 odst. 1 zákona č. 200/1990 Sb., o přestupcích, ve znění pozdějších předpisů
151/1999 Sb.;Nález Ústavního soudu ze dne 2. června 1999 ve věci návrhu na zrušení § 2 odst. 1 písm. a) a § 2 odst. 2 zákona č. 18/1992 Sb., o civilní službě
476/2002 Sb.;Nález Ústavního soudu ze dne 2. října 2002 ve věci návrhu na zrušení zákona č. 501/2001 Sb., kterým se mění zákon č. 513/1991 Sb., obchodní zákoník, ve znění pozdějších předpisů, zákon č. 40/1964 Sb., občanský zákoník, ve znění pozdějších předpisů, zákon č. 99/1963 Sb., občanský soudní řád, ve znění pozdějších předpisů, zákon č. 591/1992 Sb., o cenných papírech, ve znění pozdějších předpisů, zákon č. 358/1992 Sb., o notářích a jejich činnosti (notářský řád), ve znění pozdějších předpisů, zákon č. 370/2000 Sb., kterým se mění zákon č. 513/1991 Sb., obchodní zákoník, ve znění pozdějších předpisů, zákon č. 358/1992 Sb., o notářích a jejich činnosti (notářský řád), ve znění pozdějších předpisů, zákon č. 15/1998 Sb., o Komisi pro cenné papíry a o změně a doplnění dalších zákonů, ve znění zákona č. 30/2000 Sb., zákon č. 200/1990 Sb., o přestupcích, ve znění pozdějších předpisů, zákon č. 99/1963 Sb., občanský soudní řád, ve znění pozdějších předpisů, a zákon č. 328/1991 Sb., o konkursu a vyrovnání, ve znění pozdějších předpisů, zákon č. 219/2000 Sb., o majetku České republiky a jejím vystupování v právních vztazích, ve znění pozdějších předpisů, a zákon č. 455/1991 Sb., o živnostenském podnikání (živnostenský zákon), ve znění pozdějších předpisů
94/2011 Sb.;Nález Ústavního soudu ze dne 22. března 2011 sp. zn. Pl. ÚS 24/10 ve věci návrhu na zrušení § 97 odst. 3 a 4 zákona č. 127/2005 Sb., o elektronických komunikacích a o změně některých souvisejících zákonů (zákon o elektronických komunikacích), ve znění pozdějších předpisů, a na zrušení vyhlášky č. 485/2005 Sb., o rozsahu provozních a lokalizačních údajů, době jejich uchovávání a formě a způsobu jejich předávání orgánům oprávněným k jejich využívání
64/2001 Sb.;Nález Ústavního soudu ze dne 24. ledna 2001 ve věci návrhů na zrušení § 27 věty první, § 31 odst. 4, § 48 odst. 4, § 49 odst. 1 písm. b), c) a d) a odst. 3 písm. b), c) a d), § 50 odst. 1, 2 a 3, § 85 věty třetí a příloh č. 1 a 2 zákona č. 247/1995 Sb., o volbách do Parlamentu České republiky a o změně a doplnění některých dalších zákonů, ve znění pozdějších předpisů
4/2003 Sb.;Nález Ústavního soudu ze dne 27. listopadu 2002 ve věci návrhu na zrušení zákona č. 3/2002 Sb., o svobodě náboženského vyznání a postavení církví a náboženských společností a o změně některých zákonů (zákon o církvích a náboženských společnostech), nebo na zrušení některých ustanovení tohoto zákona
177/2013 Sb.;Nález Ústavního soudu ze dne 29. května 2013 sp. zn. Pl. ÚS 10/13 ve věci návrhu na zrušení zákona č. 428/2012 Sb., o majetkovém vyrovnání s církvemi a náboženskými společnostmi a o změně některých zákonů (zákon o majetkovém vyrovnání s církvemi a náboženskými společnostmi)
320/2000 Sb.;Nález Ústavního soudu ze dne 3. července 2000 ve věci návrhu na zrušení ustanovení § 4a zákona č. 236/1995 Sb., o platu a dalších náležitostech spojených s výkonem funkce představitelů státní moci a některých státních orgánů a soudců, ve znění zákona č. 287/1997 Sb.
234/2002 Sb.;Nález Ústavního soudu ze dne 30. dubna 2002 ve věci návrhu na zrušení § 31 odst. 3 zákona č. 82/1998 Sb., o odpovědnosti za škodu způsobenou při výkonu veřejné moci rozhodnutím nebo nesprávným úředním postupem a o změně zákona České národní rady č. 358/1992 Sb., o notářích a jejich činnosti (notářský řád)
128/1998 Sb.;Nález Ústavního soudu ze dne 5. května 1988 ve věci návrhu na zrušení obecně závazné vyhlášky obce Šumice č. 1/97 ze dne 2. dubna 1997 o omezujících opatřeních k zabezpečení místních záležitostí veřejného pořádku
144/2002 Sb.;Nález Ústavního soudu ze dne 6. března 2002 ve věci návrhu na zrušení druhé, třetí a čtvrté věty § 10 zákona č. 266/1994 Sb., o dráhách
2/1988 Sb.;Nariadenie vlády Slovenskej socialistickej republiky o predaji tovaru a poskytovaní iných služieb občanmi na základe povolenia národného výboru
15/1959 Sb.;Nařízení o opatřeních týkajících se některých věcí užívaných organizacemi socialistického sektoru
47/1955 Sb.;Nařízení o opatřeních v oboru hospodářsko-technických úprav pozemků
11/1958 Sb.;Nařízení o organisaci státní geologické služby
53/1992 Sb.;Nařízení vlády České a Slovenské Federativní Republiky o minimální mzdě
63/1992 Sb.;Nařízení vlády České a Slovenské Federativní Republiky o Obchodním věstníku
212/1990 Sb.;Nařízení vlády České a Slovenské Federativní Republiky o odnětí nemovitého majetku státu v trvalém užívání Komunistické strany Československa
121/1990 Sb.;Nařízení vlády České a Slovenské Federativní Republiky o pracovněprávních vztazích při soukromém podnikání občanů
419/1990 Sb.;Nařízení vlády České a Slovenské Federativní Republiky o základních skutečnostech tvořících předmět státního tajemství
13/1991 Sb.;Nařízení vlády České a Slovenské Federativní Republiky, kterým se mění a doplňuje nařízení vlády Československé socialistické republiky č. 223/1988 Sb., kterým se provádí zákoník práce
420/1990 Sb.;Nařízení vlády České a Slovenské Federativní Republiky, kterým se mění nařízení vlády Československé socialistické republiky č. 148/1971 Sb., o ochraně hospodářského a služebního tajemství
253/1992 Sb.;Nařízení vlády České republiky o platových poměrech zaměstnanců orgánů státní správy, některých dalších orgánů a obcí
233/1991 Sb.;Nařízení vlády České republiky o výši finanční náhrady v hotovosti poskytované podle zákona o mimosoudních rehabilitacích
57/1993 Sb.;Nařízení vlády České republiky, kterým se mění a doplňuje nařízení vlády České republiky č. 20/1992 Sb., kterým se stanoví způsob výpočtu výše náhrad za živý a mrtvý inventář a zásoby
372/1992 Sb.;Nařízení vlády České republiky, kterým se stanoví podrobnosti výkonu civilní služby
20/1992 Sb.;Nařízení vlády České republiky, kterým se stanoví způsob výpočtu výše náhrad za živý a mrtvý inventář a zásoby
1/1988 Sb.;Nařízení vlády České socialistické republiky o prodeji zboží a poskytování jiných služeb občany na základě povolení národního výboru
110/1988 Sb.;Nařízení vlády České socialistické republiky, kterým se zrušuje nařízení vlády České socialistické republiky č. 81/1980 Sb., o příslušnosti k udělování, změně a odnímání povolení k uzavření smlouvy o výrobní specializaci nebo výrobní kooperaci se zahraničím československým právnickým osobám řízeným národními výbory
148/1971 Sb.;Nařízení vlády Československé socialistické republiky o ochraně hospodářského a služebního tajemství
138/1976 Sb.;Nařízení vlády Československé socialistické republiky o úpravě některých náhrad za ztrátu na výdělku po skončení pracovní neschopnosti vzniklé pracovním úrazem nebo nemocí z povolání
60/1982 Sb.;Nařízení vlády Československé socialistické republiky o úpravě některých náhrad za ztrátu na výdělku po skončení pracovní neschopnosti vzniklé pracovním úrazem nebo nemocí z povolání
117/1988 Sb.;Nařízení vlády Československé socialistické republiky o zařazování zaměstnání do I. a II. pracovní kategorie pro účely důchodového zabezpečení
223/1988 Sb.;Nařízení vlády Československé socialistické republiky, kterým se provádí zákoník práce
54/1975 Sb.;Nařízení vlády Československé socialistické republiky, kterým se provádí zákoník práce
228/1988 Sb.;Nařízení vlády Československé socialistické republiky, kterým se vydává celní sazebník obchodního zboží
172/2001 Sb.;Nařízení vlády k provedení zákona o požární ochraně
210/2008 Sb.;Nařízení vlády k provedení zvláštních opatření k boji proti terorismu
591/2006 Sb.;Nařízení vlády o bližších minimálních požadavcích na bezpečnost a ochranu zdraví při práci na staveništích
406/2004 Sb.;Nařízení vlády o bližších požadavcích na zajištění bezpečnosti a ochrany zdraví při práci v prostředí s nebezpečím výbuchu
134/2000 Sb.;Nařízení vlády o hmotné podpoře na vytváření nových pracovních míst a rekvalifikaci zaměstnanců v rámci investičních pobídek
243/2013 Sb.;Nařízení vlády o investování investičních fondů a o technikách k jejich obhospodařování
432/2010 Sb.;Nařízení vlády o kritériích pro určení prvku kritické infrastruktury
303/1995 Sb.;Nařízení vlády o minimální mzdě
567/2006 Sb.;Nařízení vlády o minimální mzdě, o nejnižších úrovních zaručené mzdy, o vymezení ztíženého pracovního prostředí a o výši příplatku ke mzdě za práci ve ztíženém pracovním prostředí
278/2008 Sb.;Nařízení vlády o obsahových náplních jednotlivých živností
100/1999 Sb.;Nařízení vlády o ochraně před povodněmi
139/2017 Sb.;Nařízení vlády o plánování obrany státu
79/1994 Sb.;Nařízení vlády o platových poměrech zaměstnanců ozbrojených sil, bezpečnostních sborů a služeb, orgánů celní správy, příslušníků Sboru požární ochrany a zaměstnanců některých dalších organizací (služební platový řád)
592/2006 Sb.;Nařízení vlády o podmínkách akreditace a provádění zkoušek z odborné způsobilosti
101/2005 Sb.;Nařízení vlády o podrobnějších požadavcích na pracoviště a pracovní prostředí
622/2004 Sb.;Nařízení vlády o poskytování příplatku k důchodu ke zmírnění některých křivd způsobených komunistickým režimem v oblasti sociální
92/2015 Sb.;Nařízení vlády o pravidlech pro organizaci služebního úřadu
61/2003 Sb.;Nařízení vlády o ukazatelích a hodnotách přípustného znečištění povrchových vod a odpadních vod, náležitostech povolení k vypouštění odpadních vod do vod povrchových a do kanalizací a o citlivých oblastech
350/2001 Sb.;Nařízení vlády o zrušení vízové povinnosti pro držitele cestovních pasů Zvláštní administrativní oblasti Čínské lidové republiky Hongkong
409/2011 Sb.;Nařízení vlády o zvýšení částek životního minima a existenčního minima
121/2001 Sb.;Nařízení vlády, kterým se mění nařízení vlády č. 171/1997 Sb., kterým se stanoví technické požadavky na hračky, ve znění nařízení vlády č. 292/2000 Sb.
250/2002 Sb.;Nařízení vlády, kterým se mění nařízení vlády č. 175/2001 Sb., kterým se stanoví podmínky a zásady pro poskytování finanční podpory pro zpracování brambor a pšenice na škrob a kterým se stanoví podmínky a zásady pro poskytování subvence při vývozu výrobků z bramborového škrobu
336/2001 Sb.;Nařízení vlády, kterým se mění nařízení vlády č. 181/2001 Sb., kterým se stanoví technické požadavky na zdravotnické prostředky
337/2001 Sb.;Nařízení vlády, kterým se mění nařízení vlády č. 191/2001 Sb., kterým se stanoví technické požadavky na aktivní implantabilní zdravotnické prostředky
251/2003 Sb.;Nařízení vlády, kterým se mění některá nařízení vlády vydaná k provedení zákona č. 22/1997 Sb., o technických požadavcích na výrobky a o změně a doplnění některých zákonů, ve znění pozdějších předpisů
108/1994 Sb.;Nařízení vlády, kterým se provádí zákoník práce a některé další zákony
116/1995 Sb.;Nařízení vlády, kterým se stanoví geodetické referenční systémy, státní mapová díla závazná na celém území státu a zásady jejich používání
590/2006 Sb.;Nařízení vlády, kterým se stanoví okruh a rozsah jiných důležitých osobních překážek v práci
522/2005 Sb.;Nařízení vlády, kterým se stanoví seznam utajovaných informací
17/2003 Sb.;Nařízení vlády, kterým se stanoví technické požadavky na elektrická zařízení nízkého napětí
163/2002 Sb.;Nařízení vlády, kterým se stanoví technické požadavky na vybrané stavební výrobky
480/2001 Sb.;Nařízení vlády, kterým se vydává celní sazebník a kterým se stanoví sazby dovozního cla pro zboží pocházející z rozvojových a nejméně rozvinutých zemí a podmínky pro jejich uplatnění (celní sazebník)
10/1999 Sb.;Nařízení vlády, kterým se zrušuje nařízení vlády č. 192/1988 Sb., o jedech a některých jiných látkách škodlivých zdraví, ve znění pozdějších předpisů, a kterým se pro účely trestního zákona stanoví, co se považuje za jedy
333/2001 Sb.;Nařízení vlády, kterým se zvyšují částky životního minima
183/1947 Sb.;Nařízení, jímž se určují zemědělské výrobní oblasti
134/1947 Sb.;Nařízení, jímž se vyjímají některé výrobky a výkony z povinnosti odváděti cenové vyrovnávací částky a jiné výrobky se této povinnosti podrobují
44/1945 Sb.;Nařízení, kterým se mění vládní nařízení ze dne 5. května 1945, č. 4 Sb., o volbě a pravomoci národních výborů.
10/1945 Sb.;Nařízení, kterým se zmocňuje ministr výživy k úpravě výroby, oběhu a spotřeby potravin a poživatin
78/1991 Sb.;Oznámení federálního ministerstva financí, ministerstva financí České republiky, ministerstva financí Slovenské republiky a Státní banky československé o vydání výnosu o podmínkách poskytování finanční pomoci na družstevní bytovou výstavbu
70/1991 Sb.;Oznámení ministerstva spravedlnosti České republiky o vydání výnosu, kterým se vydává platový řád pro soudce z povolání Nejvyššího soudu České republiky
189/1990 Sb.;Oznámení ministerstva školství, mládeže a tělovýchovy České republiky o vydání výnosu o odměňování technickohospodářských pracovníků vysokých škol v oboru působnosti ministerstva školství, mládeže a tělovýchovy České republiky
428/1992 Sb.;Oznámení ministerstva vnitra České republiky o vydání výnosu o náležitostech a náhradách výdajů poskytovaných příslušníkům Policie České republiky v souvislosti s výkonem služby
292/1996 Sb.;Rozhodnutí prezidenta republiky o svolání zasedání Senátu Parlamentu České republiky
23/2020 Sb.;Rozhodnutí prezidenta republiky o vyhlášení doplňovacích voleb do Senátu Parlamentu České republiky
228/2004 Sb.;Sdělení Českého statistického úřadu o aktualizaci Klasifikace územních statistických jednotek (CZ-NUTS)
201/2007 Sb.;Sdělení Českého statistického úřadu o aktualizaci Klasifikace územních statistických jednotek (CZ-NUTS)
489/2003 Sb.;Sdělení Českého statistického úřadu o vydání Číselníku zemí (ČZEM)
244/2007 Sb.;Sdělení Českého statistického úřadu o zavedení Klasifikace ekonomických činností (CZ-NACE)
275/2008 Sb.;Sdělení Českého statistického úřadu o zavedení Klasifikace produkce (CZ-CPA)
321/2003 Sb.;Sdělení Českého statistického úřadu o zavedení Klasifikace stavebních děl CZ-CC
206/2010 Sb.;Sdělení Českého statistického úřadu o zavedení Klasifikace zaměstnání (CZ-ISCO)
7/2008 Sb.;Sdělení Českého telekomunikačního úřadu o vydání cenového rozhodnutí
572/1992 Sb.;Sdělení federálního ministerstva zahraničních věcí o sjednání Úmluvy o mezinárodním obchodu ohroženými druhy volně žijících živočichů a rostlin
460/1990 Sb.;Sdělení federálního ministerstva zahraničních věcí o sjednání Úmluvy o noční práci mladistvých zaměstnaných v průmyslu (revidovaná 1948) (č. 90)
209/1992 Sb.;Sdělení federálního ministerstva zahraničních věcí o sjednání Úmluvy o ochraně lidských práv a základních svobod a Protokolů na tuto Úmluvu navazujících
159/1991 Sb.;Sdělení federálního ministerstva zahraničních věcí o sjednání Úmluvy o ochraně světového kulturního a přírodního dědictví
445/1991 Sb.;Sdělení federálního ministerstva zahraničních věcí o sjednání Úmluvy o ochraně zdraví a lékařské péči pro námořníky (č. 164)
104/1991 Sb.;Sdělení federálního ministerstva zahraničních věcí o sjednání Úmluvy o právech dítěte
432/1991 Sb.;Sdělení federálního ministerstva zahraničních věcí o sjednání Úmluvy o sociální péči o námořníky na moři a v přístavech (č. 163)
462/1991 Sb.;Sdělení federálního ministerstva zahraničních věcí o sjednání Úmluvy Organizace spojených národů proti nedovolenému obchodu s omamnými a psychotropními látkami
296/1991 Sb.;Sdělení federálního ministerstva zahraničních věcí o uložení listiny o přístupu České a Slovenské Federativní Republiky ke Smlouvě o patentové spolupráci, sjednané ve Washingtonu dne 17. června 1970
168/1991 Sb.;Sdělení federálního ministerstva zahraničních věcí o vázanosti České a Slovenské Federativni Republiky Dodatkovými protokoly I a II k Ženevským úmluvám z 12. srpna 1949 o ochraně obětí mezinárodních ozbrojených konfliktů a konfliktů nemajících mezinárodní charakter, přijatých v Ženevě dne 8. června 1977
251/1991 Sb.;Sdělení federálního ministerstva zahraničních věcí o změnách Úmluvy o mezinárodní železniční přepravě (COTIF)
582/2006 Sb.;Sdělení Ministerstva práce a sociálních věcí o vyhlášení výše platové základny pro určení platu a některých náhrad výdajů podle zákona č. 236/1995 Sb., o platu a dalších náležitostech spojených s výkonem funkce představitelů státní moci a některých státních orgánů a soudců a poslanců Evropského parlamentu, ve znění pozdějších předpisů, v roce 2007
583/2006 Sb.;Sdělení Ministerstva práce a sociálních věcí o vyhlášení výše platové základny pro určení platu podle zákona č. 201/1997 Sb., o platu a některých dalších náležitostech státních zástupců a o změně a doplnění zákona č. 143/1992 Sb., o platu a odměně za pracovní pohotovost v rozpočtových a v některých dalších organizacích a orgánech, ve znění pozdějších předpisů, ve znění pozdějších předpisů, v roce 2007
7/2023 Sb.;Sdělení Ministerstva průmyslu a obchodu o vyhlášení českého znění doporučení Komise 2003/361/ES ze dne 6. května 2003 o definici mikropodniků a malých a středních podniků
243/1998 Sb.;Sdělení Ministerstva zahraničních věcí o podpisu Protokolu č. 11 k Úmluvě o ochraně lidských práv a základních svobod, kterým se mění kontrolní mechanismus v ní ustavený
105/1996 Sb.;Sdělení Ministerstva zahraničních věcí o přijetí České republiky k Úmluvě o Mezinárodní námořní organizaci (IMO), přijaté v Ženevě dne 6. března 1948, ve znění doplňků
159/1997 Sb.;"Sdělení Ministerstva zahraničních věcí o přijetí změn a doplňků „Přílohy A - Ustanovení o nebezpečných látkách a předmětech"" a „Přílohy B - Ustanovení o dopravních prostředcích a o přepravě Evropské dohody o mezinárodní silniční přepravě"" nebezpečných věcí (ADR), přijaté v Ženevě dne 30. září 1957, vyhlášené pod č. 64/1987 Sb."
54/1999 Sb.;"Sdělení Ministerstva zahraničních věcí o přijetí změn a doplňků „Přílohy A - Ustanovení o nebezpečných látkách a předmětech"" a „Přílohy B - Ustanovení o dopravních prostředcích a o přepravě"" Evropské dohody o mezinárodní silniční přepravě nebezpečných věcí (ADR), přijaté v Ženevě dne 30. září 1957, vyhlášené pod č. 64/1987 Sb."""
54/1998 Sb.;Sdělení Ministerstva zahraničních věcí o přijetí změn a doplňků příloh Dohody o mezinárodních přepravách zkazitelných potravin a o specializovaných prostředcích určených pro tyto přepravy (ATP), přijaté v Ženevě dne 1. září 1970, vyhlášené pod č. 61/1982 Sb.
159/1996 Sb.;Sdělení Ministerstva zahraničních věcí o přístupu České republiky k Mezinárodní úmluvě o spolupráci při zajišťování bezpečnosti letového provozu - Evropská organizace pro bezpečnost leteckého provozu (EUROCONTROL)
248/1996 Sb.;Sdělení Ministerstva zahraničních věcí o přístupu České republiky k Protokolu k Madridské dohodě o mezinárodním zápisu ochranných známek
66/1999 Sb.;Sdělení Ministerstva zahraničních věcí o přístupu České republiky k Severoatlantické smlouvě
274/1996 Sb.;Sdělení Ministerstva zahraničních věcí o přístupu České republiky k Úmluvě o mezinárodní železniční přepravě (COTIF) a Protokolu o změnách Úmluvy o mezinárodní železniční přepravě
127/1994 Sb.;Sdělení Ministerstva zahraničních věcí o přístupu České republiky k Úmluvě o ochraně stěhovavých druhů volně žijících živočichů, přijaté v Bonnu dne 23. června 1979
45/1999 Sb.;Sdělení Ministerstva zahraničních věcí o přístupu České republiky k Úmluvě o zrušení požadavku ověřování cizích veřejných listin
255/1998 Sb.;Sdělení Ministerstva zahraničních věcí o přístupu České republiky k Úmluvě pro vypracování Evropského lékopisu doplněné Protokolem ze dne 16. listopadu 1989
133/1994 Sb.;Sdělení Ministerstva zahraničních věcí o přístupu České republiky k Vídeňské úmluvě o občanskoprávní odpovědnosti za jaderné škody a Společnému protokolu týkajícímu se aplikace Vídeňské úmluvy a Pařížské úmluvy
53/1995 Sb.;Sdělení Ministerstva zahraničních věcí o přístupu Československé socialistické republiky k Mezinárodní úmluvě o normách výcviku, kvalifikace a strážní služby námořníků (STCW), 1978
308/1996 Sb.;Sdělení Ministerstva zahraničních věcí o sjednání Akt Světové poštovní unie
9/1999 Sb.;Sdělení Ministerstva zahraničních věcí o sjednání Bezpečnostní dohody mezi vládou České republiky a Západoevropskou unií
27/1994 Sb.;Sdělení Ministerstva zahraničních věcí o sjednání Dohody mezi Českou a Slovenskou Federativní Republikou a Rakouskou republikou o ulehčení pohraničního odbavování v železniční, silniční a vodní dopravě
288/1999 Sb.;"Sdělení Ministerstva zahraničních věcí o sjednání Dohody mezi vládou České republiky a vládou Ukrajiny o podmínkách dokončení realizace po 1. lednu 1992 na území Ukrajiny „Dohody mezi vládou Československé socialistické republiky a vládou Svazu sovětských socialistických republik o spolupráci při osvojení jamburgského naleziště plynu, výstavbě dálkového plynovodu Jamburg - západní hranice Svazu sovětských socialistických republik a objektů Uralského plynárenského komplexu a s tím spojených dodávkách zemního plynu ze Svazu sovětských socialistických republik do Československé socialistické republiky"" ze dne 16. prosince 1985"
241/1996 Sb.;Sdělení Ministerstva zahraničních věcí o sjednání Dohody o provádění Části XI Úmluvy Organizace spojených národů o mořském právu z 10. prosince 1982
191/1995 Sb.;Sdělení Ministerstva zahraničních věcí o sjednání Dohody o zřízení Světové obchodní organizace (WTO)
7/1995 Sb.;Sdělení Ministerstva zahraničních věcí o sjednání Evropské dohody zakládající přidružení mezi Českou republikou na jedné straně a Evropskými společenstvími a jejich členskými státy na straně druhé
9/1996 Sb.;Sdělení Ministerstva zahraničních věcí o sjednání Evropské úmluvy o zabránění mučení a nelidskému či ponižujícímu zacházení nebo trestání
52/1995 Sb.;Sdělení Ministerstva zahraničních věcí o sjednání Mezinárodní úmluvy o bezpečnosti lidského života na moři (SOLAS), 1974, a o přístupu Československé socialistické republiky k Protokolu 1978 k Mezinárodní úmluvě o bezpečnosti lidského života na moři, 1974
71/1995 Sb.;Sdělení Ministerstva zahraničních věcí o sjednání Protokolu 1978 k Mezinárodní úmluvě o zabránění znečišťování z lodí (MARPOL), 1973
207/1997 Sb.;Sdělení Ministerstva zahraničních věcí o sjednání Rámcové dohody mezi vládou České republiky a Evropskou komisí o účasti České republiky na programu pomoci Evropského společenství
96/1998 Sb.;Sdělení Ministerstva zahraničních věcí o sjednání Rámcové úmluvy o ochraně národnostních menšin
181/1996 Sb.;Sdělení Ministerstva zahraničních věcí o sjednání Smlouvy mezi Českou republikou a Polskou republikou o společných státních hranicích
246/1997 Sb.;Sdělení Ministerstva zahraničních věcí o sjednání Smlouvy mezi Českou republikou a Slovenskou republikou o společných státních hranicích
266/1997 Sb.;Sdělení Ministerstva zahraničních věcí o sjednání Smlouvy mezi Českou republikou a Spolkovou republikou Německo o společných státních hranicích
134/1999 Sb.;Sdělení Ministerstva zahraničních věcí o sjednání Úmluvy o biologické rozmanitosti
232/1998 Sb.;Sdělení Ministerstva zahraničních věcí o sjednání Úmluvy o dokladech totožnosti námořníků, 1958 (č. 108)
263/1995 Sb.;Sdělení Ministerstva zahraničních věcí o sjednání Úmluvy o mezinárodních Pravidlech pro zabránění srážkám na moři (COLREG), 1972
34/1998 Sb.;Sdělení Ministerstva zahraničních věcí o sjednání Úmluvy o občanskoprávních aspektech mezinárodních únosů dětí
208/1993 Sb.;Sdělení ministerstva zahraničních věcí o sjednání Úmluvy o právním postavení uprchlíků a Protokolu týkajícího se právního postavení uprchlíků
21/1999 Sb.;Sdělení Ministerstva zahraničních věcí o sjednání Úmluvy o zákazu nebo omezení použití některých konvenčních zbraní, které mohou způsobovat nadměrné utrpení nebo mít nerozlišující účinky, Dodatkového protokolu k Úmluvě o zákazu nebo omezení použití některých konvenčních zbraní, které mohou způsobovat nadměrné utrpení nebo mít nerozlišující účinky, a Protokolu o zákazu nebo omezení použití min, nástrah a jiných prostředků ve znění ze dne 3. května 1996 (Protokol II ve znění ze dne 3. května 1996), který je přílohou Úmluvy o zákazu nebo omezení použití některých konvenčních zbraní, které mohou způsobovat nadměrné utrpení nebo mít nerozlišující účinky
94/1997 Sb.;Sdělení Ministerstva zahraničních věcí o sjednání Úmluvy o zákazu vývoje, výroby, hromadění zásob a použití chemických zbraní a o jejich zničení
240/1996 Sb.;Sdělení Ministerstva zahraničních věcí o sjednání Úmluvy Organizace Spojených národů o mořském právu
193/1996 Sb.;Sdělení Ministerstva zahraničních věcí o sjednání Úmluvy Organizace spojených národů o námořní přepravě zboží, 1978
42/1996 Sb.;Sdělení Ministerstva zahraničních věcí o sjednání změn Dohody o přijetí jednotných podmínek pro homologaci (ověřování shodnosti) a o vzájemném uznávání homologace výstroje a součástí motorových vozidel
186/1998 Sb.;"Sdělení Ministerstva zahraničních věcí, kterým se doplňuje sdělení č. 159/1997 Sb., o přijetí změn a doplňků „Přílohy A - Ustanovení o nebezpečných látkách a předmětech"" a „Přílohy B - Ustanovení o dopravních prostředcích a o přepravě"" Evropské dohody o mezinárodní silniční přepravě nebezpečných věcí (ADR), přijaté v Ženevě dne 30. září 1957, vyhlášené pod č. 64/1987 Sb."
186/1946 Sb.;Smluva medzi Československou republikou a Sväzom sovietskych socialistických republik o Zakarpatskej Ukrajine
147/1947 Sb.;Úmluva o mezinárodním civilním letectví
460/1992 Sb.;Ústava Slovenskej republiky
4/1945 Sb.;Vládní nařízení o volbě a pravomoci národních výborů
75/2002 Sb.;Vyhláška Českého báňského úřadu o bezpečnosti provozu elektrických technických zařízení používaných při hornické činnosti a činnosti prováděné hornickým způsobem
165/2002 Sb.;Vyhláška Českého báňského úřadu o separátním větrání při hornické činnosti v plynujících dolech
110/1975 Sb.;Vyhláška Českého úřadu bezpečnosti práce a Českého báňského úřadu o evidenci a registraci pracovních úrazů a o hlášení provozních nehod (havárií) a poruch technických zařízení
50/1978 Sb.;Vyhláška Českého úřadu bezpečnosti práce a Českého báňského úřadu o odborné způsobilosti v elektrotechnice
20/1979 Sb.;Vyhláška Českého úřadu bezpečnosti práce a Českého báňského úřadu, kterou se určují vyhrazená elektrická zařízení a stanoví některé podmínky k zajištění jejich bezpečnosti
21/1979 Sb.;Vyhláška Českého úřadu bezpečnosti práce a Českého báňského úřadu, kterou se určují vyhrazená plynová zařízení a stanoví některé podmínky k zajištění jejich bezpečnosti
91/1993 Sb.;Vyhláška Českého úřadu bezpečnosti práce k zajištění bezpečnosti práce v nízkotlakých kotelnách
10/1974 Sb.;Vyhláška Českého úřadu geodetického a kartografického o geodetických pracích ve výstavbě
60/1973 Sb.;Vyhláška Českého úřadu geodetického a kartografického o ověřování geometrických plánů a jiných výsledků geodetických prací
190/1996 Sb.;Vyhláška Českého úřadu zeměměřického a katastrálního, kterou se provádí zákon č. 265/1992 Sb., o zápisech vlastnických a jiných věcných práv k nemovitostem, ve znění zákona č. 210/1993 Sb. a zákona č. 90/1996 Sb., a zákon České národní rady č. 344/1992 Sb., o katastru nemovitostí České republiky (katastrální zákon), ve znění zákona č. 89/1996 Sb.
170/1990 Sb.;Vyhláška Federálního cenového úřadu, ministerstva financí, cen a mezd České republiky a ministerstva financí, cen a mezd Slovenské republiky, kterou se mění a doplňuje vyhláška č. 35/1990 Sb., o smluvních cenách
78/1989 Sb.;Vyhláška federálního ministerstva dopravy a spojů o právech a povinnostech pošty a jejích uživatelů (poštovní řád)
41/1984 Sb.;Vyhláška federálního ministerstva dopravy o podmínkách provozu vozidel na pozemních komunikacích
119/1988 Sb.;Vyhláška federálního ministerstva financí o hospodaření s národním majetkem
122/1984 Sb.;Vyhláška federálního ministerstva financí o náhradách při vyvlastnění staveb, pozemků, porostů a práv k nim
90/1984 Sb.;Vyhláška federálního ministerstva financí o správě národního majetku
73/1991 Sb.;Vyhláška federálního ministerstva financí, ministerstva financí České republiky, ministerstva financí Slovenské republiky a Státní banky československé, kterou se mění a doplňuje vyhláška federálního ministerstva financí, ministerstva financí České socialistické republiky, ministerstva financí Slovenské socialistické republiky a předsedy Státní banky československé č. 136/1985 Sb., o finanční, úvěrové a jiné pomoci družstevní a individuální bytové výstavbě a modernizaci rodinných domků v osobním vlastnictví, ve znění vyhlášky č. 74/1989 Sb.
118/1984 Sb.;Vyhláška federálního ministerstva financí, ministerstva financí České socialistické republiky a ministerstva financí Slovenské socialistické republiky o financování neinvestičních výdajů na rozvoj vědy a techniky
136/1985 Sb.;Vyhláška federálního ministerstva financí, ministerstva financí České socialistické republiky, ministerstva financí Slovenské socialistické republiky a předsedy Státní banky československé o finanční, úvěrové a jiné pomoci družstevní a individuální bytové výstavbě a modernizaci rodinných domků v osobním vlastnictví
231/1988 Sb.;Vyhláška federálního ministerstva financí, ministerstva financí, cen a mezd České socialistické republiky a ministerstva financí, cen a mezd Slovenské socialistické republiky o správních poplatcích
72/1974 Sb.;Vyhláška federálního ministerstva práce a sociálních věcí k provedení některých ustanovení zákona o mateřském příspěvku
19/1991 Sb.;Vyhláška federálního ministerstva práce a sociálních věcí o pracovním uplatnění a hmotném zabezpečení pracovníků v hornictví dlouhodobě nezpůsobilých k dosavadní práci
129/1979 Sb.;Vyhláška federálního ministerstva práce a sociálních věcí o pracovním uplatnění a hmotném zabezpečení pracovníků v hornictví trvale nezpůsobilých k dosavadní práci
102/1987 Sb.;Vyhláška federálního ministerstva práce a sociálních věcí o pracovním uplatnění a hmotném zabezpečení pracovníků v hornictví trvale nezpůsobilých k dosavadní práci
195/1989 Sb.;Vyhláška federálního ministerstva práce a sociálních věcí o zabezpečení pracovníků při organizačních změnách a občanů před nástupem do zaměstnání
145/1982 Sb.;Vyhláška federálního ministerstva práce a sociálních věcí, kterou se mění a doplňuje vyhláška federálního ministerstva práce a sociálních věcí č. 129/1979 Sb., o pracovním uplatnění a hmotném zabezpečení pracovníků trvale nezpůsobilých k dosavadní práci v podzemí hlubinných dolů, ve znění vyhlášky federálního ministerstva práce a sociálních věcí č. 21/1982 Sb.
149/1988 Sb.;Vyhláška federálního ministerstva práce a sociálních věcí, kterou se provádí zákon o sociálním zabezpečení
83/1976 Sb.;Vyhláška federálního ministerstva pro technický a investiční rozvoj o obecných technických požadavcích na výstavbu
85/1976 Sb.;Vyhláška federálního ministerstva pro technický a investiční rozvoj o podrobnější úpravě územního řízení a stavebním řádu
8/1983 Sb.;Vyhláška federálního ministerstva pro technický a investiční rozvoj o zvláštní způsobilosti k některým činnostem ve výstavbě
99/1989 Sb.;Vyhláška federálního ministerstva vnitra o pravidlech provozu na pozemních komunikacích (pravidla silničního provozu)
550/1990 Sb.;Vyhláška Federálního úřadu pro vynálezy o řízení ve věcech vynálezů a průmyslových vzorů
190/2017 Sb.;Vyhláška k provedení § 3 odst. 3 insolvenčního zákona (vyhláška o platební neschopnosti podnikatele)
441/2013 Sb.;Vyhláška k provedení zákona o oceňování majetku (oceňovací vyhláška)
121/1989 Sb.;Vyhláška ministerstva Českého geologického úřadu o projektování, provádění a vyhodnocování geologických prací, o udělování povolení a odborné způsobilosti k jejich výkonu
175/2000 Sb.;Vyhláška Ministerstva dopravy a spojů o přepravním řádu pro veřejnou drážní a silniční osobní dopravu
341/2002 Sb.;Vyhláška Ministerstva dopravy a spojů o schvalování technické způsobilosti a o technických podmínkách provozu vozidel na pozemních komunikacích
30/2001 Sb.;Vyhláška Ministerstva dopravy a spojů, kterou se provádějí pravidla provozu na pozemních komunikacích a úprava a řízení provozu na pozemních komunikacích
108/1997 Sb.;Vyhláška Ministerstva dopravy a spojů, kterou se provádí zákon č. 49/1997 Sb., o civilním letectví a o změně a doplnění zákona č. 455/1991 Sb., o živnostenském podnikání (živnostenský zákon), ve znění pozdějších předpisů
102/1995 Sb.;Vyhláška Ministerstva dopravy o schvalování technické způsobilosti a technických podmínkách provozu silničních vozidel na pozemních komunikacích
222/1995 Sb.;Vyhláška Ministerstva dopravy o vodních cestách, plavebním provozu v přístavech, společné havárii a dopravě nebezpečných věcí
223/1995 Sb.;Vyhláška Ministerstva dopravy o způsobilosti plavidel k provozu na vnitrozemských vodních cestách
177/1995 Sb.;Vyhláška Ministerstva dopravy, kterou se vydává stavební a technický řád drah
205/1991 Sb.;Vyhláška ministerstva financí České republiky o hospodaření s rozpočtovými prostředky státního rozpočtu České republiky a o finančním hospodaření rozpočtových a příspěvkových organizací
73/1964 Sb.;Vyhláška ministerstva financí o cenách staveb v osobním vlastnictví a o náhradách při vyvlastnění nemovitostí
137/1968 Sb.;Vyhláška ministerstva financí o finanční, úvěrové a jiné pomoci družstevní a individuální bytové výstavbě
114/2002 Sb.;Vyhláška Ministerstva financí o fondu kulturních a sociálních potřeb
25/1994 Sb.;Vyhláška Ministerstva financí o formě provádění evidence daní a o převodu daní jejich příjemcům
176/1993 Sb.;Vyhláška ministerstva financí o nájemném z bytu a úhradě za plnění poskytovaná s užíváním bytu
247/2002 Sb.;Vyhláška Ministerstva financí o osvobození zboží propuštěného do celního režimu volného oběhu od dovozního cla
323/2002 Sb.;Vyhláška Ministerstva financí o rozpočtové skladbě
298/1993 Sb.;Vyhláška ministerstva financí o stanovení výše nároku náhrady ušlého výdělku při správě daní
40/2001 Sb.;Vyhláška Ministerstva financí o účasti státního rozpočtu na financování programů reprodukce majetku
197/2001 Sb.;Vyhláška Ministerstva financí o způsobu vnějšího označení a odznacích celní správy, vzorech služebních stejnokrojů a zvláštním barevném provedení a označení služebních vozidel celní správy
182/1988 Sb.;Vyhláška ministerstva financí, cen a mezd České socialistické republiky o cenách staveb, pozemků, trvalých porostů, úhradách za zřízení práva osobního užívání pozemků a náhradách za dočasné užívání pozemků
92/1993 Sb.;Vyhláška ministerstva financí, kterou se provádějí některá ustanovení celního zákona
279/1997 Sb.;Vyhláška Ministerstva financí, kterou se provádějí některá ustanovení zákona č. 151/1997 Sb., o oceňování majetku a o změně některých zákonů (zákon o oceňování majetku)
301/1997 Sb.;Vyhláška Ministerstva financí, kterou se stanoví maximální výše nákladů na činnost a maximální výše výdajů na pořízení hmotného a nehmotného investičního majetku zdravotních pojišťoven
125/1993 Sb.;Vyhláška ministerstva financí, kterou se stanoví podmínky a sazby zákonného pojištění odpovědnosti organizace za škodu při pracovním úrazu nebo nemoci z povolání
12/2001 Sb.;Vyhláška Ministerstva financí, kterou se stanoví zásady a termíny finančního vypořádání vztahů se státním rozpočtem
9/1967 Sb.;Vyhláška ministerstva financí, Státní plánovací komise a Ústředního geologického úřadu o projektování a financování geologických prací
110/1991 Sb.;Vyhláška Ministerstva financií Slovenskej republiky, ktorou sa mení vyhláška Ministerstva financií, cien a miezd Slovenskej socialistickej republiky č. 219/1988 Zb. o odvádzaní nájomného na osobitné účty nájomného a vyhláška Ministerstva financií č. 14/1968 Zb. o úľavách na domovej dani
205/1988 Sb.;Vyhláška Ministerstva financií, cien a miezd Slovenskej socialistickej republiky o cenách stavieb, pozemkov, trvalých porastov, úhradách za zriadenie práva osobného užívania pozemkov a o náhradách za dočasné užívanie pozemkov
617/1992 Sb.;Vyhláška ministerstva hospodářství České republiky o podrobnostech placení úhrad z dobývacích prostorů a z vydobytých vyhrazených nerostů
525/1992 Sb.;Vyhláška ministerstva hospodářství České republiky, ministerstva průmyslu a obchodu České republiky, ministerstva školství, mládeže a tělovýchovy České republiky, ministerstva vnitra České republiky, ministerstva zdravotnictví České republiky a ministerstva zemědělství České republiky k provádění kvalifikačních zkoušek nahrazujících odbornou způsobilost pro provozování některých živností
174/1994 Sb.;Vyhláška Ministerstva hospodářství, kterou se stanoví obecné technické požadavky zabezpečující užívání staveb osobami s omezenou schopností pohybu a orientace
232/2002 Sb.;Vyhláška Ministerstva kultury, kterou se provádí zákon č. 3/2002 Sb., o svobodě náboženského vyznání a postavení církví a náboženských společností a o změně některých zákonů (zákon o církvích a náboženských společnostech)
7/1996 Sb.;Vyhláška Ministerstva obrany o peněžních a naturálních náležitostech vojáků v činné službě a žáků vojenských škol, kteří nejsou vojáky
310/1996 Sb.;Vyhláška Ministerstva obrany, kterou se mění a doplňuje vyhláška Ministerstva obrany č. 7/1996 Sb., o peněžních a naturálních náležitostech vojáků v činné službě a žáků vojenských škol, kteří nejsou vojáky
113/1996 Sb.;Vyhláška Ministerstva obrany, kterou se provádějí některá ustanovení zákona č. 76/1959 Sb., o některých služebních poměrech vojáků, ve znění pozdějších předpisů
16/1991 Sb.;Vyhláška ministerstva práce a sociálních věcí České republiky o zprostředkovatelích, rozhodcích a ukládání kolektivních smluv vyššího stupně
182/1991 Sb.;Vyhláška ministerstva práce a sociálních věcí České republiky, kterou se provádí zákon o sociálním zabezpečení a zákon České národní rady o působnosti orgánů České republiky v sociálním zabezpečení
22/1991 Sb.;Vyhláška ministerstva práce a sociálních věcí České republiky, kterou se stanoví podrobnosti zřizování společensky účelných pracovních míst a vytváření veřejně prospěšné práce
67/1969 Sb.;Vyhláška ministerstva práce a sociálních věcí Slovenské socialistické republiky o finančním a hmotném zabezpečení učňů
311/1993 Sb.;Vyhláška ministerstva práce a sociálních věcí, kterou se mění a doplňuje vyhláška Ústřední rady odborů č. 95/1968 Sb., o poskytování přídavků na děti v nemocenském pojištění, ve znění pozdějších předpisů
284/1995 Sb.;Vyhláška Ministerstva práce a sociálních věcí, kterou se provádí zákon o důchodovém pojištění
207/1995 Sb.;Vyhláška Ministerstva práce a sociálních věcí, kterou se stanoví stupně zdravotního postižení a způsob jejich posuzování pro účely dávek státní sociální podpory
137/1998 Sb.;Vyhláška Ministerstva pro místní rozvoj o obecných technických požadavcích na výstavbu
132/1998 Sb.;Vyhláška Ministerstva pro místní rozvoj, kterou se provádějí některá ustanovení stavebního zákona
313/2000 Sb.;Vyhláška Ministerstva průmyslu a obchodu, kterou se provádějí některá ustanovení zákona č. 156/2000 Sb., o ověřování střelných zbraní, střeliva a pyrotechnických předmětů a o změně zákona č. 288/1995 Sb., o střelných zbraních a střelivu (zákon o střelných zbraních), ve znění zákona č. 13/1998 Sb., a zákona č. 368/1992 Sb., o správních poplatcích, ve znění pozdějších předpisů
251/2001 Sb.;Vyhláška Ministerstva průmyslu a obchodu, kterou se stanoví Pravidla provozu přepravní soustavy a distribučních soustav v plynárenství
330/2000 Sb.;Vyhláška Ministerstva průmyslu a obchodu, kterou se stanoví řady jmenovitých hmotností a jmenovitých objemů přípustných pro některé druhy hotově baleného zboží
37/1992 Sb.;Vyhláška ministerstva spravedlnosti České republiky o jednacím řádu pro okresní a krajské soudy
612/1992 Sb.;Vyhláška ministerstva spravedlnosti České republiky o odměnách notářů a správců dědictví
66/1980 Sb.;Vyhláška ministerstva spravedlnosti České socialistické republiky, kterou se stanoví paušální částka nákladů trestního řízení
37/1967 Sb.;Vyhláška ministerstva spravedlnosti k provedení zákona o znalcích a tlumočnících
177/1996 Sb.;Vyhláška Ministerstva spravedlnosti o odměnách advokátů a náhradách advokátů za poskytování právních služeb (advokátní tarif)
330/2001 Sb.;Vyhláška Ministerstva spravedlnosti o odměně a náhradách soudního exekutora, správce obchodního závodu, správce nemovité věci a plátce mzdy nebo jiného příjmu a o podmínkách pojištění odpovědnosti za újmu způsobenou soudním exekutorem (exekutorský tarif)
244/1996 Sb.;Vyhláška Ministerstva spravedlnosti, kterou se podle zákona č. 85/1996 Sb., o advokacii, stanoví kárný řád (advokátní kárný řád)
240/1990 Sb.;Vyhláška Ministerstva spravodlivosti Slovenskej republiky o odmenách a náhradách advokátov za poskytovanie právnej pomoci
70/1980 Sb.;Vyhláška Ministerstva spravodlivosti Slovenskej socialistickej republiky, ktorou sa ustanovuje paušálna suma trov trestného konania
4/1987 Sb.;Vyhláška Ministerstva školstva Slovenskej socialistickej republiky a Ministerstva práce a sociálnych vecí Slovenskej socialistickej republiky o finančnom a hmotnom zabezpečení žiakov stredných odborných učilíšť, stredných odborných učilíšť pre mládež vyžadujúcu osobitnú starostlivosť a osobitných odborných učilíšť
64/1981 Sb.;Vyhláška ministerstva školství České socialistické republiky o školských zařízeních pro výkon ústavní výchovy a ochranné výchovy
31/1987 Sb.;Vyhláška ministerstva školství České socialistické republiky o ukončování studia ve středních školách a o ukončování přípravy ve zvláštních odborných učilištích
315/1991 Sb.;Vyhláška ministerstva školství, mládeže a tělovýchovy České republiky o finančním a hmotném zabezpečení žáků středních odborných učilišť, speciálních středních odborných učilišť, odborných učilišť a učilišť
400/1991 Sb.;Vyhláška ministerstva školství, mládeže a tělovýchovy České republiky o hmotném a finančním zabezpečení cizinců studujících na školách v působnosti ministerstva školství, mládeže a tělovýchovy České republiky
365/1990 Sb.;Vyhláška ministerstva školství, mládeže a tělovýchovy České republiky o poskytování stipendií na vysokých školách v působnosti ministerstva školství, mládeže a tělovýchovy České republiky (stipendijní řád)
67/1991 Sb.;Vyhláška ministerstva školství, mládeže a tělovýchovy České republiky o poskytování stipendií studentům postgraduálního studia
354/1991 Sb.;Vyhláška ministerstva školství, mládeže a tělovýchovy České republiky o středních školách
117/1974 Sb.;Vyhláška ministerstva vnitra České socialistické republiky, kterou se stanoví kritéria pro posuzování písemností jako archiválií a podrobnosti skartačního řízení
380/2002 Sb.;Vyhláška Ministerstva vnitra k přípravě a provádění úkolů ochrany obyvatelstva
362/2002 Sb.;Vyhláška Ministerstva vnitra o postupech při provádění spisové rozluky v souvislosti s ukončením činnosti okresních úřadů a o náležitostech spisové evidence při provádění spisové rozluky
246/2001 Sb.;Vyhláška Ministerstva vnitra o stanovení podmínek požární bezpečnosti a výkonu státního požárního dozoru (vyhláška o požární prevenci)
388/2002 Sb.;Vyhláška Ministerstva vnitra o stanovení správních obvodů obcí s pověřeným obecním úřadem a správních obvodů obcí s rozšířenou působností
21/1996 Sb.;Vyhláška Ministerstva vnitra, kterou se provádějí některá ustanovení zákona České národní rady o požární ochraně
207/2001 Sb.;Vyhláška Ministerstva vnitra, kterou se provádí zákon č. 301/2000 Sb., o matrikách, jménu a příjmení a o změně některých souvisejících zákonů
22/1996 Sb.;Vyhláška Ministerstva vnitra, kterou se upravují podrobnosti o úkolech jednotek požární ochrany, stanoví se činnost osob zúčastněných na jejich plnění a zásady velení při zásahu
61/1990 Sb.;Vyhláška ministerstva zdravotnictví a sociálních věcí České socialistické republiky, federálního ministerstva národní obrany, federálního ministerstva vnitra, federálního ministerstva dopravy, ministerstva vnitra České socialistické republiky, ministerstva spravedlnosti České socialistické republiky a ministerstva zemědělství a výživy České socialistické republiky o hospodaření s léky a zdravotnickými potřebami
152/1988 Sb.;Vyhláška ministerstva zdravotnictví a sociálních věcí České socialistické republiky, kterou se provádí zákon o sociálním zabezpečení a zákon České národní rady o působnosti orgánů České socialistické republiky v sociálním zabezpečení
331/1991 Sb.;Vyhláška ministerstva zdravotnictví České republiky o osvědčeních na nové způsoby prevence, diagnostiky chorob a léčení lidí
463/1990 Sb.;Vyhláška ministerstva zdravotnictví České republiky o poskytování lázeňské péče ve státních léčebných lázních
394/1991 Sb.;Vyhláška ministerstva zdravotnictví České republiky o postavení, organizaci a činnosti fakultních nemocnic a dalších nemocnic, vybraných odborných léčebných ústavů a krajských hygienických stanic v řídící působnosti ministerstva zdravotnictví České republiky
434/1992 Sb.;Vyhláška ministerstva zdravotnictví České republiky o zdravotnické záchranné službě
26/1972 Sb.;Vyhláška ministerstva zdravotnictví České socialistické republiky o ochraně a rozvoji přírodních léčebných lázní a přírodních léčivých zdrojů
91/1984 Sb.;Vyhláška ministerstva zdravotnictví České socialistické republiky o opatřeních proti přenosným nemocem
77/1981 Sb.;Vyhláška ministerstva zdravotnictví České socialistické republiky o zdravotnických pracovnících a jiných odborných pracovnících ve zdravotnictví
38/2001 Sb.;Vyhláška Ministerstva zdravotnictví o hygienických požadavcích na výrobky určené pro styk s potravinami a pokrmy
440/2001 Sb.;Vyhláška Ministerstva zdravotnictví o odškodnění bolesti a ztížení společenského uplatnění
45/1966 Sb.;Vyhláška ministerstva zdravotnictví o vytváření a ochraně zdravých životních podmínek
101/2002 Sb.;Vyhláška Ministerstva zdravotnictví, kterou se mění vyhláška Ministerstva zdravotnictví č. 134/1998 Sb., kterou se vydává seznam zdravotních výkonů s bodovými hodnotami
413/1991 Sb.;Vyhláška ministerstva zemědělství České republiky o registraci některých druhů krmiv, jejich dodavatelů a o odborné státní kontrole
362/1992 Sb.;Vyhláška ministerstva zemědělství České republiky o výrobě a složení krmných směsí
82/1996 Sb.;Vyhláška Ministerstva zemědělství o genetické klasifikaci, obnově lesa, zalesňování a o evidenci při nakládání se semeny a sazenicemi lesních dřevin
84/1996 Sb.;Vyhláška Ministerstva zemědělství o lesním hospodářském plánování
92/2002 Sb.;Vyhláška Ministerstva zemědělství o odborné způsobilosti pro živnostenské podnikání na úseku rostlinolékařské péče
141/1997 Sb.;Vyhláška Ministerstva zemědělství o technických požadavcích na výrobu, skladování a zpracování lihu
324/1997 Sb.;"Vyhláška Ministerstva zemědělství o způsobu označování potravin a tabákových výrobků, o přípustné odchylce od údajů o množství výrobku označeného symbolem ""e"""
81/1996 Sb.;Vyhláška Ministerstva zemědělství o způsobu výpočtu výše újmy nebo škody způsobené na produkčních funkcích lesa
93/2000 Sb.;Vyhláška Ministerstva zemědělství, kterou se mění vyhláška Ministerstva zemědělství č. 333/1997 Sb., kterou se provádí § 18 písm. a), d), h), i), j) a k) zákona č. 110/1997 Sb., o potravinách a tabákových výrobcích a o změně a doplnění některých souvisejících zákonů, pro mlýnské obilné výrobky, těstoviny, pekařské výrobky a cukrářské výrobky a těsta
190/1995 Sb.;Vyhláška Ministerstva zemědělství, kterou se mění vyhláška Ministerstva zemědělství České republiky č. 362/1992 Sb., o výrobě a složení krmných směsí, ve znění vyhlášky č. 264/1993 Sb.
331/1997 Sb.;Vyhláška Ministerstva zemědělství, kterou se provádí § 18 písm. a), d), h), i), j) a k) zákona č. 110/1997 Sb., o potravinách a tabákových výrobcích a o změně a doplnění některých souvisejících zákonů, pro koření, jedlou sůl, dehydratované výrobky a ochucovadla a hořčici
335/1997 Sb.;Vyhláška Ministerstva zemědělství, kterou se provádí § 18 písm. a), d), h), i), j) a k) zákona č. 110/1997 Sb., o potravinách a tabákových výrobcích a o změně a doplnění některých souvisejících zákonů, pro nealkoholické nápoje a koncentráty k přípravě nealkoholických nápojů, ovocná vína, ostatní vína a medovinu, pivo, konzumní líh, lihoviny a ostatní alkoholické nápoje, kvasný ocet a droždí
428/2001 Sb.;Vyhláška Ministerstva zemědělství, kterou se provádí zákon č. 274/2001 Sb., o vodovodech a kanalizacích pro veřejnou potřebu a o změně některých zákonů (zákon o vodovodech a kanalizacích)
23/2001 Sb.;Vyhláška Ministerstva zemědělství, kterou se stanoví druhy potravin určené pro zvláštní výživu a způsob jejich použití
296/2001 Sb.;Vyhláška Ministerstva zemědělství, kterou se stanoví způsob vedení hospodářské evidence na rybnících a evidence o hospodářských výsledcích v rybářských revírech, podrobnosti výběrového řízení na výkon rybářského práva v rybářských revírech a odborná způsobilost rybářských hospodářů a kterou se mění vyhláška Ministerstva zemědělství, lesního a vodního hospodářství č. 103/1963 Sb., kterou se vydávají prováděcí předpisy k zákonu o rybářství, ve znění pozdějších předpisů
103/1963 Sb.;Vyhláška ministerstva zemědělství, lesního a vodního hospodářství, kterou se vydávají prováděcí předpisy k zákonu o rybářství
364/1992 Sb.;Vyhláška ministerstva životního prostředí České republiky o chráněných ložiskových územích
395/1992 Sb.;Vyhláška ministerstva životního prostředí České republiky, kterou se provádějí některá ustanovení zákona České národní rady č. 114/1992 Sb., o ochraně přírody a krajiny
61/1970 Sb.;Vyhláška ministra spravedlnosti České socialistické republiky, kterou se stanoví paušální částka nákladů trestního řízení
30/1945 Sb.;Vyhláška ministra vnitra o platnosti ústavního dekretu presidenta republiky ze dne 3. srpna 1944, č. 11 Úř. věst. čsl., o obnovení právního pořádku.
133/1980 Sb.;Vyhláška ministra zahraničních věcí o Bernské úmluvě o ochraně literárních a uměleckých děl ze dne 9. září 1889, doplněné v Paříži dne 4. května 1896, revidované v Berlíně dne 13. listopadu 1908, doplněné v Bernu dne 20. března 1914 a revidované v Římě dne 2. června 1928, v Bruselu dne 26. června 1948, ve Stockholmu dne 14. července 1967 a v Paříži dne 24. července 1971
212/1989 Sb.;Vyhláška ministra zahraničních věcí o Budapešťské smlouvě a mezinárodním uznávání uložení mikroorganismů k účelům patentového řízení a Prováděcího předpisu k ní
6/1962 Sb.;Vyhláška ministra zahraničních věcí o Celní úmluvě o mezinárodní dopravě zboží na podkladě karnetu TIR (Úmluva TIR)
61/1983 Sb.;Vyhláška ministra zahraničních věcí o Dohodě o mezinárodních přepravách zkazitelných potravin a o specializovaných prostředcích určených pro tyto přepravy (ATP)
51/1961 Sb.;Vyhláška ministra zahraničních věcí o Dohodě o úpravě některých otevřených finančních a majetkových otázek mezi Československou socialistickou republikou a Rumunskou lidovou republikou
133/1978 Sb.;Vyhláška ministra zahraničních věcí o Dohodě o vzájemném uznávání autorských osvědčení a jiných ochranných dokumentů na vynálezy
64/1987 Sb.;Vyhláška ministra zahraničních věcí o Evropské dohodě o mezinárodní silniční přepravě nebezpečných věcí (ADR)
108/1976 Sb.;Vyhláška ministra zahraničních věcí o Evropské dohodě o práci osádek vozidel v mezinárodní silniční dopravě (AETR)
47/1965 Sb.;Vyhláška ministra zahraničních věcí o Jednotné Úmluvě o omamných látkách
67/1975 Sb.;Vyhláška ministra zahraničních věcí o Lisabonské dohodě na ochranu označení původu a o jejich mezinárodním zápisu ze dne 31. října 1958, revidované ve Stockholmu dne 14. července 1967
28/1981 Sb.;Vyhláška ministra zahraničních věcí o Locarnské dohodě o zřízení mezinárodního třídění průmyslových vzorů a modelů, podepsané v Locarnu dne 8. října 1968
65/1975 Sb.;Vyhláška ministra zahraničních věcí o Madridské dohodě o mezinárodním zápisu továrních nebo obchodních známek ze dne 14. dubna 1891, revidované v Bruselu dne 14. prosince 1900, ve Washingtonu dne 2. června 1911, v Haagu dne 6. listopadu 1925, v Londýně dne 2. června 1934, v Nice dne 15. června 1957 a ve Stockholmu dne 14. července 1967
129/1969 Sb.;Vyhláška ministra zahraničních věcí o Mezinárodní úmluvě o nákladové značce
120/1976 Sb.;Vyhláška ministra zahraničních věcí o Mezinárodním paktu o občanských a politických právech a Mezinárodním paktu o hospodářských, sociálních a kulturních právech
118/1979 Sb.;Vyhláška ministra zahraničních věcí o Niceské dohodě o mezinárodním třídění výrobků a služeb pro účely zápisu známek ze dne 15. června 1957, revidované ve Stockholmu dne 14. července 1967 a v Ženevě dne 13. května 1977
64/1975 Sb.;Vyhláška ministra zahraničních věcí o Pařížské úmluvě na ochranu průmyslového vlastnictví ze dne 20. března 1883, revidované v Bruselu dne 14. prosince 1900, ve Washingtonu dne 2. června 1911, v Haagu dne 6. listopadu 1925, v Londýně dne 2. června 1934, v Lisabonu dne 31. října 1958 a ve Stockholmu dne 14. července 1967
126/1989 Sb.;Vyhláška ministra zahraničních věcí o Smlouvě mezi Československou socialistickou republikou a Polskou lidovou republikou o průběhu státních hranic v souvislosti s výsledky prvního společného přezkoušení průběhu československo-polských státních hranic na hraničních vodních tocích
28/1976 Sb.;Vyhláška ministra zahraničních věcí o Smlouvě mezi Československou socialistickou republikou a Polskou lidovou republikou o změně průběhu státních hranic a o některých dalších otázkách souvisejících s výstavbou a provozem polské přehrady na Dunajci
95/1975 Sb.;Vyhláška ministra zahraničních věcí o Smlouvě mezi Československou socialistickou republikou a Rakouskou republikou o společných státních hranicích
57/1970 Sb.;Vyhláška ministra zahraničních věcí o Smlouvě mezi Československou socialistickou republikou a Rakouskou republikou o úpravě vodohospodářských otázek na hraničních vodách
76/1962 Sb.;Vyhláška ministra zahraničních věcí o Smlouvě o Antarktidě
61/1974 Sb.;Vyhláška ministra zahraničních věcí o Smlouvě o nešíření jaderných zbraní
85/1982 Sb.;Vyhláška Ministra zahraničních věcí o Úmluvě o doručování soudních a mimosoudních písemností v cizině ve věcech občanských a obchodních
8/1985 Sb.;Vyhláška ministra zahraničních věcí o Úmluvě o mezinárodní železniční přepravě (COTIF)
15/1980 Sb.;Vyhláška ministra zahraničních věcí o Úmluvě o opatřeních k zákazu a zamezení nedovoleného dovozu, vývozu a převodu vlastnictví kulturních statků
130/1976 Sb.;Vyhláška ministra zahraničních věcí o Úmluvě o právu použitelném pro dopravní nehody
129/1976 Sb.;Vyhláška ministra zahraničních věcí o Úmluvě o provádění důkazů v cizině ve věcech občanských a obchodních
62/1989 Sb.;Vyhláška ministra zahraničních věcí o Úmluvě o psychotropních látkách
115/1974 Sb.;Vyhláška ministra zahraničních věcí o Úmluvě o řešení občanskoprávních sporů vznikajících ze vztahů hospodářské a vědeckotechnické spolupráce v rozhodčím řízení
96/1975 Sb.;Vyhláška ministra zahraničních věcí o Úmluvě o zákazu vývoje, výroby a hromadění zásob bakteriologických (biologických) a toxinových zbraní a o jejich zničení
69/1975 Sb.;Vyhláška ministra zahraničních věcí o Úmluvě o zřízení Světové organizace duševního vlastnictví, podepsané ve Stockholmu dne 14. července 1967
40/1987 Sb.;Vyhláška ministra zahraničních věcí o Úmluvě o zvláštních misích
157/1964 Sb.;Vyhláška ministra zahraničních věcí o Vídeňské úmluvě o diplomatických stycích
32/1969 Sb.;Vyhláška ministra zahraničních věcí o Vídeňské úmluvě o konzulárních stycích
392/2003 Sb.;Vyhláška o bezpečnosti provozu technických zařízení a o požadavcích na vyhrazená technická zařízení tlaková, zdvihací a plynová při hornické činnosti a činnosti prováděné hornickým způsobem
409/2016 Sb.;Vyhláška o činnostech zvláště důležitých z hlediska jaderné bezpečnosti a radiační ochrany, zvláštní odborné způsobilosti a přípravě osoby zajišťující radiační ochranu registranta
31/1957 Sb.;Vyhláška o Dohodě mezi Československou republikou a Federativní lidovou republikou Jugoslavií a vypořádání otevřených majetkových otázek
4/1959 Sb.;Vyhláška o Dohodě mezi Československou republikou a Polskou lidovou republikou o vypořádání nevyřízených majetkových otázek
176/1960 Sb.;Vyhláška o Dohodě o přijetí jednotných podmínek pro homologaci (ověřování shodnosti) a o vzájemném uznávání homologace výstroje a součástí motorových vozidel
58/2018 Sb.;Vyhláška o doplňcích stravy a složení potravin
78/2013 Sb.;Vyhláška o energetické náročnosti budov
30/1947 Sb.;Vyhláška o chartě Spojených národů a statutu Mezinárodního soudního dvora, sjednaných dne 26. června 1945 na konferenci Spojených národů o mezinárodní organisaci, konané v San Francisku
240/2004 Sb.;Vyhláška o informačním systému o zadávání veřejných zakázek a metodách hodnocení nabídek podle jejich ekonomické výhodnosti
33/2005 Sb.;Vyhláška o jazykových školách s právem státní jazykové zkoušky a státních jazykových zkouškách
357/2013 Sb.;Vyhláška o katastru nemovitostí (katastrální vyhláška)
208/2004 Sb.;Vyhláška o minimálních standardech pro ochranu hospodářských zvířat
223/2005 Sb.;Vyhláška o některých dokladech o vzdělání
501/2006 Sb.;Vyhláška o obecných požadavcích na využívání území
312/2007 Sb.;Vyhláška o obsahu a dalších náležitostech zkoušek insolvenčních správců
418/2012 Sb.;Vyhláška o ochraně zvířat při usmrcování
299/2003 Sb.;Vyhláška o opatřeních pro předcházení a zdolávání nákaz a nemocí přenosných ze zvířat na člověka
156/2015 Sb.;Vyhláška o podmínkách poskytování zdravotních služeb vojenskými poskytovateli, oborech ambulantní péče, u kterých voják z povolání může uplatnit svobodnou volbu poskytovatele zdravotních služeb, a podmínkách organizace plnění úkolů vojenských fakultních nemocnic (o podmínkách poskytování zdravotních služeb vojenskými poskytovateli)
16/2016 Sb.;Vyhláška o podmínkách připojení k elektrizační soustavě
426/2005 Sb.;Vyhláška o podrobnostech udělování licencí pro podnikání v energetických odvětvích
646/2004 Sb.;Vyhláška o podrobnostech výkonu spisové služby
188/2017 Sb.;Vyhláška o podrobnostech zkoušky zakončující vzdělávací program zaměřený na výkon zahraniční služby
72/2005 Sb.;Vyhláška o poskytování poradenských služeb ve školách a školských poradenských zařízeních
358/2013 Sb.;Vyhláška o poskytování údajů z katastru nemovitostí
9/2016 Sb.;Vyhláška o postupech registrace podpor u operátora trhu a provedení některých dalších ustanovení zákona o podporovaných zdrojích energie (registrační vyhláška)
54/2004 Sb.;Vyhláška o potravinách určených pro zvláštní výživu a o způsobu jejich použití
298/2005 Sb.;Vyhláška o požadavcích na odbornou kvalifikaci a odbornou způsobilost při hornické činnosti nebo činnosti prováděné hornickým způsobem a o změně některých právních předpisů
133/2010 Sb.;Vyhláška o požadavcích na pohonné hmoty, o způsobu sledování a monitorování složení a jakosti pohonných hmot a o jejich evidenci (vyhláška o jakosti a evidenci pohonných hmot)
408/2015 Sb.;Vyhláška o Pravidlech trhu s elektřinou
541/2005 Sb.;Vyhláška o Pravidlech trhu s elektřinou, zásadách tvorby cen za činnosti operátora trhu s elektřinou a provedení některých dalších ustanovení energetického zákona
369/2004 Sb.;Vyhláška o projektování, provádění a vyhodnocování geologických prací, oznamování rizikových geofaktorů a o postupu při výpočtu zásob výhradních ložisek
187/2017 Sb.;Vyhláška o provádění ověřovací činnosti zastupitelským úřadem a o podrobnějších podmínkách pro složení zkoušky k provádění ověřovací činnosti
79/2013 Sb.;Vyhláška o provedení některých ustanovení zákona č. 373/2011 Sb., o specifických zdravotních službách, (vyhláška o pracovnělékařských službách a některých druzích posudkové péče)
388/2011 Sb.;Vyhláška o provedení některých ustanovení zákona o poskytování dávek osobám se zdravotním postižením
85/1960 Sb.;Vyhláška o provedení sčítání lidu, domů a bytů k 1. březnu 1961
52/1956 Sb.;Vyhláška o přístupu Československé republiky k Úmluvě o výsadách a imunitách Organisace spojených národů schválené Valným shromážděním Organisace spojených národů dne 13. února 1946
422/2016 Sb.;Vyhláška o radiační ochraně a zabezpečení radionuklidového zdroje
377/2013 Sb.;Vyhláška o skladování a způsobu používání hnojiv
23/1959 Sb.;Vyhláška o Smlouvě mezi Československou republikou a Polskou lidovou republikou o konečném vytyčení státních hranic
45/1955 Sb.;Vyhláška o Smlouvě o přátelství, spolupráci a vzájemné pomoci mezi Albánskou lidovou republikou, Bulharskou lidovou republikou, Maďarskou lidovou republikou, Německou demokratickou republikou, Polskou lidovou republikou, Rumunskou lidovou republikou, Svazem sovětských socialistických republik a Československou republikou, sjednané ve Varšavě dne 14. května 1955
143/2008 Sb.;Vyhláška o stanovení bližších požadavků pro zajištění jakosti a bezpečnosti lidské krve a jejích složek (vyhláška o lidské krvi)
189/2017 Sb.;Vyhláška o stanovení diplomatických a konzulárních hodností, podmínkách a postupu při jejich přiznávání a propůjčování
186/2017 Sb.;Vyhláška o stanovení formulářů pro závazek k úhradě nákladů na konzulární ochranu a formuláře žádosti o náhradu výdajů
345/2020 Sb.;Vyhláška o stanovení správních obvodů obcí s pověřeným obecním úřadem
346/2020 Sb.;Vyhláška o stanovení správních obvodů obcí s rozšířenou působností, území obvodů hlavního města Prahy a příslušnosti některých obcí do jiného okresu
268/2009 Sb.;Vyhláška o technických požadavcích na stavby
560/2006 Sb.;Vyhláška o účasti státního rozpočtu na financování programů reprodukce majetku
116/1948 Sb.;Vyhláška o úplném znění dekretu presidenta republiky o znárodnění dolů a některých průmyslových podniků
117/1948 Sb.;Vyhláška o úplném znění dekretu presidenta republiky o znárodnění některých podniků průmyslu potravinářského
330/2006 Sb.;Vyhláška o uveřejňování vyhlášení pro účely zákona o veřejných zakázkách
382/2003 Sb.;Vyhláška o veterinárních požadavcích na obchodování se zvířaty a o veterinárních podmínkách jejich dovozu ze třetích zemí
290/2008 Sb.;Vyhláška o veterinárních požadavcích na živočichy pocházející z akvakultury a na produkty akvakultury, o opatřeních pro předcházení a zdolávání některých nákaz vodních živočichů
229/2008 Sb.;Vyhláška o výrobě a distribuci léčiv
73/2005 Sb.;Vyhláška o vzdělávání dětí, žáků a studentů se speciálními vzdělávacími potřebami a dětí, žáků a studentů mimořádně nadaných
27/2016 Sb.;Vyhláška o vzdělávání žáků se speciálními vzdělávacími potřebami a žáků nadaných
361/2016 Sb.;Vyhláška o zabezpečení jaderného zařízení a jaderného materiálu
291/2003 Sb.;Vyhláška o zákazu podávání některých látek zvířatům, jejichž produkty jsou určeny k výživě lidí, a o sledování (monitoringu) přítomnosti nepovolených látek, reziduí a látek kontaminujících, pro něž by živočišné produkty mohly být škodlivé pro zdraví lidí, u zvířat a v jejich produktech
7/1948 Sb.;Vyhláška o změnách úředních názvů měst, obcí, osad a částí osad, povolených v roce 1947
512/2002 Sb.;Vyhláška o zvláštní odborné způsobilosti úředníků územních samosprávných celků
65/1954 Sb.;Vyhláška o Ženevských úmluvách ze dne 12. srpna 1949 na ochranu obětí války
186/1990 Sb.;Vyhláška Státní komise pro vědeckotechnický a investiční rozvoj o oprávnění k projektové činnosti
172/1973 Sb.;Vyhláška Ústřední rady odborů a federálního ministerstva financí o uvolňování pracovníků ze zaměstnání k výkonu funkce v Revolučním odborovém hnutí
165/1979 Sb.;Vyhláška Ústřední rady odborů o nemocenském pojištění některých pracovníků a o poskytování dávek nemocenského pojištění občanům ve zvláštních případech
143/1965 Sb.;Vyhláška Ústřední rady odborů o poskytování peněžitých dávek v nemocenském pojištění
159/2009 Sb.;Vyhláška, kterou se mění vyhláška č. 215/2008 Sb., o opatřeních proti zavlékání a rozšiřování škodlivých organismů rostlin a rostlinných produktů
440/2006 Sb.;Vyhláška, kterou se mění vyhláška č. 323/2002 Sb., o rozpočtové skladbě, ve znění pozdějších předpisů
233/2007 Sb.;Vyhláška, kterou se mění vyhláška č. 323/2002 Sb., o rozpočtové skladbě, ve znění pozdějších předpisů
306/2007 Sb.;Vyhláška, kterou se mění vyhláška č. 323/2002 Sb., o rozpočtové skladbě, ve znění pozdějších předpisů
357/2009 Sb.;Vyhláška, kterou se mění vyhláška č. 323/2002 Sb., o rozpočtové skladbě, ve znění pozdějších předpisů
464/2013 Sb.;Vyhláška, kterou se mění vyhláška č. 323/2002 Sb., o rozpočtové skladbě, ve znění pozdějších předpisů
484/2003 Sb.;Vyhláška, kterou se mění vyhláška č. 323/2002 Sb., o rozpočtové skladbě, ve znění vyhlášky č. 568/2002 Sb.
388/2004 Sb.;Vyhláška, kterou se mění vyhláška č. 388/2002 Sb., o stanovení správních obvodů obcí s pověřeným obecním úřadem a správních obvodů obcí s rozšířenou působností
79/2005 Sb.;Vyhláška, kterou se mění vyhláška č. 433/2003 Sb., o způsobu výpočtu nároku na vrácení spotřební daně zaplacené v cenách některých minerálních olejů spotřebovaných v zemědělské prvovýrobě, lesních školkách a při obnově a výchově lesa a o způsobu a podmínkách vedení dokladů a evidence a o normativech spotřeby těchto výrobků
225/2005 Sb.;Vyhláška, kterou se mění vyhláška č. 589/2004 Sb., o úhradách léčiv a potravin pro zvláštní lékařské účely
34/2005 Sb.;Vyhláška, kterou se mění vyhláška č. 82/1993 Sb., o úhradách za pobyt v zařízeních sociální péče, ve znění pozdějších předpisů
660/2004 Sb.;Vyhláška, kterou se mění vyhláška Ministerstva vnitra č. 207/2001 Sb., kterou se provádí zákon č. 301/2000 Sb., o matrikách, jménu a příjmení a o změně některých souvisejících zákonů, ve znění pozdějších předpisů
166/2005 Sb.;Vyhláška, kterou se provádějí některá ustanovení zákona č. 114/1992 Sb., o ochraně přírody a krajiny ve znění pozdějších předpisů, v souvislosti s vytvářením soustavy NATURA 2000
501/2002 Sb.;Vyhláška, kterou se provádějí některá ustanovení zákona č. 563/1991 Sb., o účetnictví, ve znění pozdějších předpisů, pro účetní jednotky, které jsou bankami a jinými finančními institucemi
500/2002 Sb.;Vyhláška, kterou se provádějí některá ustanovení zákona č. 563/1991 Sb., o účetnictví, ve znění pozdějších předpisů, pro účetní jednotky, které jsou podnikateli účtujícími v soustavě podvojného účetnictví
502/2002 Sb.;Vyhláška, kterou se provádějí některá ustanovení zákona č. 563/1991 Sb., o účetnictví, ve znění pozdějších předpisů, pro účetní jednotky, které jsou pojišťovnami
505/2002 Sb.;Vyhláška, kterou se provádějí některá ustanovení zákona č. 563/1991 Sb., o účetnictví, ve znění pozdějších předpisů, pro účetní jednotky, které jsou územními samosprávnými celky, příspěvkovými organizacemi, státními fondy a organizačními složkami státu
29/2004 Sb.;Vyhláška, kterou se provádí zákon č. 149/2003 Sb., o obchodu s reprodukčním materiálem lesních dřevin
26/2007 Sb.;Vyhláška, kterou se provádí zákon č. 265/1992 Sb., o zápisech vlastnických a jiných věcných práv k nemovitostem, ve znění pozdějších předpisů, a zákon č. 344/1992 Sb., o katastru nemovitostí České republiky (katastrální zákon), ve znění pozdějších předpisů, (katastrální vyhláška)
518/2004 Sb.;Vyhláška, kterou se provádí zákon č. 435/2004 Sb., o zaměstnanosti
418/2008 Sb.;Vyhláška, kterou se provádí zákon o obecní policii
418/2003 Sb.;Vyhláška, kterou se stanoví podrobnější vymezení okruhu a výše příjmů a výdajů fondů veřejného zdravotního pojištění zdravotních pojišťoven, podmínky jejich tvorby, užití, přípustnosti vzájemných převodů finančních prostředků a hospodaření s nimi, limit nákladů na činnost zdravotních pojišťoven krytých ze zdrojů základního fondu včetně postupu propočtu tohoto limitu
139/2004 Sb.;Vyhláška, kterou se stanoví podrobnosti o přenosu semen a sazenic lesních dřevin, o evidenci o původu reprodukčního materiálu a podrobnosti o obnově lesních porostů a o zalesňování pozemků prohlášených za pozemky určené k plnění funkcí lesa
136/2004 Sb.;Vyhláška, kterou se stanoví podrobnosti označování zvířat a jejich evidence a evidence hospodářství a osob stanovených plemenářským zákonem
475/2002 Sb.;Vyhláška, kterou se stanoví rozsah znalostí pro získání osvědčení prokazujícího znalost hub, způsob zkoušek, jakož i náležitosti žádosti a osvědčení (vyhláška o zkoušce znalosti hub)
248/2009 Sb.;Vyhláška, kterou se stanoví seznam jednotných kontaktních míst
89/2004 Sb.;Vyhláška, kterou se stanoví vnější označení příslušníka Vězeňské služby České republiky, zvláštní barevné provedení a označení služebních vozidel a prokazování příslušnosti k Vězeňské službě České republiky
64/1946 Sb.;Vyhláška, kterou se stanoví způsob zapravení kolkových poplatků z poštovních průvodek
91/1958 Sb.;Vyhláška, kterou se uveřejňuje opatření Ústřední rady odborů o organizaci a provádění nemocenského pojištění zaměstnanců
3/2008 Sb.;Vyhláška, o provedení některých ustanovení zákona č. 151/1997 Sb., o oceňování majetku a o změně některých zákonů, ve znění pozdějších předpisů, (oceňovací vyhláška)
149/1975 Sb.;Zákon Slovenské národní rady o archivnictví
207/1968 Sb.;Zákon Slovenské národní rady o zřízení ministerstev a jiných ústředních orgánů státní správy Slovenské socialistické republiky
132/1990 Sb.;Zákon Slovenskej národnej rady o advokácii
51/1988 Sb.;Zákon Slovenskej národnej rady o banskej činnosti, výbušninách a o štátnej banskej správe
139/1984 Sb.;Zákon Slovenskej národnej rady o notárskych poplatkoch
472/1990 Sb.;Zákon Slovenskej národnej rady o organizácii miestnej štátnej správy
204/1991 Sb.;Zákon Slovenskej národnej rady o Policajnom zbore Slovenskej republiky
410/1991 Sb.;Zákon Slovenskej národnej rady o služobnom pomere príslušníkov Policajného zboru Slovenskej republiky
511/1992 Sb.;Zákon Slovenskej národnej rady o správe daní a poplatkov a o zmenách v sústave územných finančných orgánov
27/1987 Sb.;Zákon Slovenskej národnej rady o štátnej pamiatkovej starostlivosti
192/1990 Sb.;Zákon Slovenskej národnej rady, ktorým sa mení a dopĺňa zákon Slovenskej národnej rady č. 139/1984 Zb. o notárskych poplatkoch
419/1991 Sb.;Zákon Slovenskej národnej rady, ktorým sa menia a dopĺňajú niektoré predpisy v oblasti zdravotníctva
183/1994 Sb.;Zákon o zvýšení vyplácených důchodů a důchodů přiznávaných v roce 1994 a v roce 1995
110/2007 Sb.;Zákon o některých opatřeních v soustavě ústředních orgánů státní správy, souvisejících se zrušením Ministerstva informatiky a o změně některých zákonů