akt.citace;akt.název.vyhlášený
1/1993 Sb.;Ústava
1/2023 Sb.;Sankční zákon
10/1993 Sb.;Zákon o státním rozpočtu
100/1945 Sb.;Dekret o znárodnění dolů a průmyslu
100/1961 Sb.;Zákon o úpravě nároků mezi čs. a rumunskými osobami
100/2001 Sb.;Zákon o posuzování vlivů na životní prostředí
100/2004 Sb.;Zákon o obchodování s ohroženými druhy
101/1945 Sb.;Dekret o znárodnění průmyslu potravinářského
101/2001 Sb.;Zákon o navracení kulturních statků
102/1930 Sb.;Úst. zákon o úpravě hranic s Německem, Rakouskem a Maďarskem
102/1945 Sb.;Dekret o znárodnění bank
102/2001 Sb.;Zákon o obecné bezpečnosti výrobků
103/1945 Sb.;Dekret o znárodnění pojišťoven
104/2000 Sb.;Zákon o SFDI
104/2008 Sb.;Zákon o nabídkách převzetí
104/2013 Sb.;Zákon o mezinár. spolupráci ve věcech trestních
104/2023 Sb.;Zákon o kompenzacích poskytovatelům zdr. služeb
105/1945 Sb.;Dekret o očistných komisích
105/2007 Sb.;Zákon o státním dluhopisovém programu
106/1999 Sb.;Zákon o svobodném přístupu k informacím
107/1999 Sb.;Zákon o jednacím řádu Senátu
107/2009 Sb.;Zákon o státním dluhopisovém programu
108/1945 Sb.;Dekret o konfiskaci nepřátelského majetku
108/2006 Sb.;Zákon o sociálních službách
108/2009 Sb.;Zákon o jednorázové částce nahrazující příplatek k důchodu
109/2002 Sb.;Zákon o výkonu ústavní výchovy
11/1918 Sb.;Zákon o zřízení samostatného státu československého
110/1997 Sb.;Zákon o potravinách a tabákových výrobcích
110/1998 Sb.;Úst. zákon o bezpečnosti
110/2006 Sb.;Zákon o životním minimu
110/2019 Sb.;Zákon o zpracování osobních údajů
111/1994 Sb.;Zákon o silniční dopravě
111/1998 Sb.;Zákon o vysokých školách
111/2006 Sb.;Zákon o pomoci v hmotné nouzi
111/2009 Sb.;Zákon o základních registrech
112/1964 Sb.;Zák. opatření o Pamětní medaili k 20. výročí SNP
114/1920 Sb.;Zákon o sloučení obcí s Prahou
114/1948 Sb.;Zákon o znárodnění dalších průmyslových a jiných podniků
114/1992 Sb.;Zákon o ochraně přírody a krajiny
114/1993 Sb.;Zákon o Kanceláři prezidenta republiky
114/1995 Sb.;Zákon o vnitrozemské plavbě
114/2003 Sb.;Zákon o provádění referenda o přistoupení k EU
115/1946 Sb.;Zákon o právnosti jednání souvisících s bojem o svobodu
115/1948 Sb.;Zákon o znárodnění dalších podniků v oboru potravinářském
115/2000 Sb.;Zákon o náhradě škod způsobených chráněnými živočichy
115/2001 Sb.;Zákon o podpoře sportu
115/2006 Sb.;Zákon o registrovaném partnerství
116/2020 Sb.;Zákon o náhradě újmy způsobené povinným očkováním
117/1990 Sb.;Zákon o zásluhách M. R. Štefánika
117/1995 Sb.;Zákon o státní sociální podpoře
117/2001 Sb.;Zákon o veřejných sbírkách
118/1948 Sb.;Zákon o znárodnění velkoobchodních podniků
118/2000 Sb.;Zákon o ochraně zam. při plat. neschopnosti zaměstnavatele
118/2010 Sb.;Zákon o krajském referendu
119/1948 Sb.;Zákon o organisaci zahraničního obchodu
119/1990 Sb.;Zákon o soudní rehabilitaci
119/2001 Sb.;Zákon o souběžně probíhajících výkonech rozhodnutí
119/2002 Sb.;Zákon o zbraních
12/1945 Sb.;Dekret o konfiskaci zemědělského majetku
12/1997 Sb.;Zákon o provozu na pozemních komunikacích
12/2002 Sb.;Zákon o státní pomoci při obnově území
12/2020 Sb.;Zákon o právu na digitální služby
120/1948 Sb.;Zákon o znárodnění obchodních podniků
120/2001 Sb.;Exekuční řád
121/1945 Sb.;Dekret o organisaci správy národních výborů
121/1948 Sb.;Zákon o znárodnění ve stavebnictví
121/1981 Sb.;Úst. zákon o souhlasu ke změnám hranic s NDR
121/2000 Sb.;Autorský zákon
121/2008 Sb.;Zákon o vyšších soudních úřednících
121/2021 Sb.;Zákon o mimoř. příspěvku zaměstnanci
122/1948 Sb.;Zákon o znárodnění cestovních kanceláří
122/2000 Sb.;Zákon o ochraně sbírek muzejní povahy
122/2004 Sb.;Zákon o válečných hrobech a pietních místech
123/1948 Sb.;Zákon o znárodnění polygrafických podniků
123/1998 Sb.;Zákon o právu na informace o životním prostředí
123/2002 Sb.;Zákon o přijetí úvěru EIB na ochranu před povodněmi
124/1945 Sb.;Dekret o opatřeních ve věcech knihovních
124/1948 Sb.;Zákon o znárodnění hostinských a výčepnických podniků
125/1948 Sb.;Zákon o znárodnění přírodních léčivých zdrojů a lázní
125/1992 Sb.;Zákon o zřízení Sekretariátu KBSE
125/2008 Sb.;Zákon o přeměnách obchodních společností
126/1948 Sb.;Zákon o znárodnění některých šlechtitelských podniků
126/1992 Sb.;Zákon o ochraně znaku a názvu Červeného kříže
127/1945 Sb.;Dekret o zřízení AMU v Praze
127/2005 Sb.;Zákon o elektronických komunikacích
128/1945 Sb.;Dekret o organisaci finančních úřadů
128/1946 Sb.;Zákon o neplatnosti jednání z doby nesvobody
128/2000 Sb.;Obecní zřízení
128/2022 Sb.;Zákon o konfliktu na Ukrajině (oblast daní)
129/1928 Sb.;Zákon o místní dráze Votice—Sedlčany
129/1945 Sb.;Dekret o České filharmonii
129/2000 Sb.;Krajské zřízení
129/2008 Sb.;Zákon o výkonu zabezpečovací detence
13/1997 Sb.;Zákon o pozemních komunikacích
130/2000 Sb.;Zákon o volbách do zastupitelstev krajů
130/2002 Sb.;Zákon o podpoře výzkumu a vývoje
131/1945 Sb.;Dekret o vybudování Akademického domu
131/1948 Sb.;Zákon o likvidaci německé evangelické církve
131/2000 Sb.;Zákon o hl. m. Praze
131/2002 Sb.;Zákon o rozhodování kompetenčních sporů
132/1945 Sb.;Dekret o vzdělání učitelstva
132/2006 Sb.;Zákon o kronikách obcí
132/2010 Sb.;Zákon o audiovizuálních službách
133/1945 Sb.;Dekret o zřízeni VÚP Jana Amose Komenského
133/1985 Sb.;Zákon o požární ochraně
133/2000 Sb.;Zákon o evidenci obyvatel
133/2020 Sb.;Zákon o úpravách v sociálním zabezpečení
134/2008 Sb.;Zákon o přijetí úvěrů EIB na operační programu doprava
134/2013 Sb.;Zákon o zvýšení transparentnosti akciových společností
134/2016 Sb.;Zákon o zadávání veřejných zakázek
135/1920 Sb.;Zákon o poměru pražských universit
135/1945 Sb.;Dekret o zřízení pobočky LF UK v Plzni
135/2020 Sb.;Zákon o přijímání ke vzdělávání a k jeho ukončování 2019/20
136/1949 Sb.;Zákon o opatřeních ve věcech konfiskovaných patentů
136/2011 Sb.;Zákon o oběhu bankovek a mincí
136/2020 Sb.;Zákon o úpravách v oblasti pojistného na soc. zabezpečení
136/2021 Sb.;Zákon o úpravách v oblasti dávek státní sociální podpory
137/2001 Sb.;Zákon o ochraně svědka v trestním řízení
138/1945 Sb.;Dekret o trestání provinění proti národní cti
139/2002 Sb.;Zákon o pozemkových úpravách a pozemkových úřadech
14/1993 Sb.;Zákon o ochraně průmyslového vlastnictví
14/2021 Sb.;Zákon o nakládání se zbraněmi
140/1945 Sb.;Dekret o zřízení VŠPS v Praze
140/1996 Sb.;Zákon o zpřístupnění svazků StB
141/1961 Sb.;Trestní řád
142/1947 Sb.;Zákon o revisi první pozemkové reformy
143/1947 Sb.;Zákon o převodu majetku Schwarzenbergů
143/1975 Sb.;Úst. zákon o změnách hranic s PLR
143/2001 Sb.;Zákon o ochraně hospodářské soutěže
146/2002 Sb.;Zákon o SZPI
147/2002 Sb.;Zákon o ÚKZÚZ
148/1947 Sb.;Zákon o provedení dohody o výměně obyvatelstva
148/1949 Sb.;Zákon o Národní galerii v Praze
148/2003 Sb.;Zákon o genetických zdrojích
148/2023 Sb.;Zákon o jednotném environmentálním stanovisku
149/2003 Sb.;Zákon o obchodu s reprodukčním materiálem lesních dřevin
15/1965 Sb.;Zák. opatření o Pamětní medaili k 20. výročí osvobození ČSSR
15/1993 Sb.;Zákon o Armádě
15/1998 Sb.;Zákon o dohledu v oblasti kapitálového trhu
15/2015 Sb.;Zákon o hranicích vojenských újezdů
150/2002 Sb.;Soudní řád správní
150/2017 Sb.;Zákon o zahraniční službě
151/1997 Sb.;Zákon o oceňování majetku
151/2010 Sb.;Zákon o zahraniční rozvojové spolupráci
151/2021 Sb.;Zákon o provádění režimů v oblasti zahraničního obchodu
152/1926 Sb.;Úst. zákon o štátnom občianstvu československém
153/1994 Sb.;Zákon o zpravodajských službách
154/1994 Sb.;Zákon o BIS
154/2000 Sb.;Plemenářský zákon
154/2002 Sb.;Zákon o financování sociálně zdravotních dávek horníků
155/1995 Sb.;Zákon o důchodovém pojištění
155/1998 Sb.;Zákon o znakové řeči
156/1926 Sb.;Zákon o závazkům vzniklých některým státům
156/1998 Sb.;Zákon o hnojivech
156/2000 Sb.;Zákon o ověřování střelných zbraní
157/1994 Sb.;Zákon o státních vyznamenáních
157/2009 Sb.;Zákon o nakládání s těžebním odpadem
158/1999 Sb.;Zákon o sčítání lidu, domů a bytů v roce 2001
158/2000 Sb.;Zákon o nerostných zdrojích z mořského dna
158/2013 Sb.;Zákon o Květnovém povstání
159/1999 Sb.;Zákon o podnikání v oblasti cestovního ruchu
159/2006 Sb.;Zákon o střetu zájmů
159/2020 Sb.;Zákon o kompenzačním bonusu
16/1993 Sb.;Zákon o dani silniční
160/2020 Sb.;Zákon o úpravách v oblasti dávek státní sociální podpory
160/2021 Sb.;Zákon o kompenzacích poskytovatelům zdr. služeb
161/2020 Sb.;Zákon o úpravách v oblasti zaměstnanosti
162/1992 Sb.;Zákon o působnosti při zmírnění následků majetkových křivd
162/2003 Sb.;Zákon o zoologických zahradách
162/2006 Sb.;Zákon o zřízení VŠTE v Českých Budějovicích
163/1990 Sb.;Zákon o bohosloveckých fakultách
164/2001 Sb.;Lázeňský zákon
164/2013 Sb.;Zákon o mezinár. spolupráci při správě daní
165/2012 Sb.;Zákon o podporovaných zdrojích energie
166/1993 Sb.;Zákon o NKÚ
166/1999 Sb.;Veterinární zákon
166/2004 Sb.;Zákon o převodu majetku ČR do vlastnictví krajů
167/1998 Sb.;Zákon o návykových látkách
167/2008 Sb.;Zákon o ekologické újmě
168/1924 Sb.;Zákon o místní dráze Holič—Hodonín
168/1947 Sb.;Zákon o zřízení JAMU v Brně
168/1999 Sb.;Zákon o pojištění odpovědnosti z provozu vozidla
169/1968 Sb.;Zákon o zřízení VŠV v Brně a VŠV v Košicích
169/1988 Sb.;Úst. zákon o změnách hranic s PLR
169/1990 Sb.;Zákon o občanských komisích
169/1999 Sb.;Zákon o výkonu trestu odnětí svobody
17/1992 Sb.;Zákon o životním prostředí
17/2012 Sb.;Zákon o Celní správě
170/2001 Sb.;Zákon o státním dluhopisovém programu
170/2002 Sb.;Zákon o válečných veteránech
170/2018 Sb.;Zákon o distribuci pojištění
171/1947 Sb.;Úst. zákon o mierovej smluve s Maďarskom
171/2023 Sb.;Zákon o ochraně oznamovatelů
172/1947 Sb.;Zákon o provedení mírových smluv
172/1991 Sb.;Zákon o přechodu věcí z majetku ČR do vlastnictví obcí
173/2002 Sb.;Zákon o poplatcích za udržování patentů
175/2007 Sb.;Zákon o státním dluhopisovém programu
175/2022 Sb.;Zákon o opatřeních souvisejících s konfliktem na Ukrajině
177/2020 Sb.;Zákon o opatřeních v oblasti splácení úvěrů
177/2023 Sb.;Zákon o financování obrany
178/2005 Sb.;Zákon o zrušení FNM
179/1946 Sb.;Úst. zákon o udělení občanství krajanům z Maďarska
179/2006 Sb.;Zákon o uznávání výsledků dalšího vzdělávání
179/2018 Sb.;Zákon o státní záruce na zajištění zápůjčky ČNB
18/1997 Sb.;Atomový zákon
18/2004 Sb.;Zákon o uznávání odborné kvalifikace
181/2007 Sb.;Zákon o ÚSTR a o ABS
181/2014 Sb.;Zákon o kybernetické bezpečnosti
181/2023 Sb.;Zákon o mimoř. odpuštění penále z pojistného
182/1993 Sb.;Zákon o Ústavním soudu
182/2006 Sb.;Insolvenční zákon
182/2023 Sb.;Zákon o mimoř. odpuštění daňových dluhů
183/1950 Sb.;Zákon o majetku osob, které optovaly pro SSSR
184/2006 Sb.;Zákon o vyvlastnění
185/1948 Sb.;Zákon o zestátnění léčebných a ošetřovacích ústavů
185/2020 Sb.;Zákon o opatřeních v odvětví cestovního ruchu
186/2011 Sb.;Zákon o součinnosti v řízení před mezinárodními soudy
186/2013 Sb.;Zákon o státním občanství
186/2016 Sb.;Zákon o hazardních hrách
187/2006 Sb.;Zákon o nemocenském pojištění
187/2016 Sb.;Zákon o dani z hazardních her
187/2020 Sb.;Zákon o prodloužení lhůt pro konání voleb do Senátu
188/2020 Sb.;Zákon o pravidlech pro vzdělávání na vysokých školách
189/1999 Sb.;Zákon o nouzových zásobách ropy
19/1993 Sb.;Zákon o orgánech státní správy v oblasti puncovnictví
19/1997 Sb.;Zákon o zákazu chemických zbraní
190/2004 Sb.;Zákon o dluhopisech
191/1950 Sb.;Zákon směnečný a šekový
191/2012 Sb.;Zákon o evropské občanské iniciativě
191/2016 Sb.;Zákon o ochraně státních hranic
191/2020 Sb.;Zákon o opatřeních v oblasti soudního řízení
192/1994 Sb.;Zákon o změně názvu některých vysokých škol
194/1949 Sb.;Zákon o čs. státním občanství
194/2010 Sb.;Zákon o veřejných službách v přepravě cestujících
194/2017 Sb.;Zákon o koordinaci staveb infrastruktury
196/2022 Sb.;Zákon o jednorázovém příspěvku na dítě
197/2002 Sb.;Zákon o přijetí úvěru EIB na rozvoj základny MU v Brně
197/2009 Sb.;Zákon o certifikaci dokladů s biometrickými údaji
197/2022 Sb.;Zákon o konfliktu na Ukrajině (oblast územního plánování)
198/1993 Sb.;Zákon o protiprávnosti komunistického režimu
198/2002 Sb.;Zákon o dobrovolnické službě
198/2009 Sb.;Antidiskriminační zákon
2/1969 Sb.;Zákon o zřízení ministerstev a ústředních orgánů ČSR
2/1991 Sb.;Zákon o kolektivním vyjednávání
2/1993 Sb.;Listina základních práv a svobod
20/1945 Sb.;Úst. dekret o výkonu moci zákonodárné
20/1987 Sb.;Zákon o státní památkové péči
20/1993 Sb.;Zákon o výkonu státní správy v oblasti technické normalizace
200/1994 Sb.;Zákon o zeměměřictví
201/1997 Sb.;Zákon o platu státních zástupců
201/2002 Sb.;Zákon o ÚZSVM
201/2012 Sb.;Zákon o ochraně ovzduší
202/2006 Sb.;Zákon o státním dluhopisovém programu
202/2012 Sb.;Zákon o mediaci
203/2005 Sb.;Zákon o odškodnění obětí okupace ČS
203/2006 Sb.;Zákon o druzích podpory kultury
206/2000 Sb.;Zákon o ochraně biotechnologických vynálezů
206/2005 Sb.;Zákon o ochraně služeb rozhlasového a televizního vysílání
206/2015 Sb.;Zákon o pyrotechnice
207/2000 Sb.;Zákon o ochraně průmyslových vzorů
209/2020 Sb.;Zákon o opatřeních v oblasti bytových nájmů
21/1948 Sb.;Zákon o právním postavení snoubenek a nemanželských dětí
21/1992 Sb.;Zákon o bankách
21/2006 Sb.;Zákon o ověřování
210/2020 Sb.;Zákon o opatřeních v oblasti nebytových nájmů
211/2000 Sb.;Zákon o SFRB
212/1946 Sb.;Zákon o zimním čase
212/2000 Sb.;Zákon o zmírnění majetkových křivd způsobených holocaustem
212/2009 Sb.;Zákon o zmírnění majetkové křivdy na území Podkarpatské Rusi
213/1919 Sb.;Zákon o sloučení obcí s Brnem
213/2011 Sb.;Zákon o zákazu kazetové munice
214/1919 Sb.;Zákon o sloučení obcí s Olomoucem
214/2002 Sb.;Zákon o vývozu kulturních statků z celního území ES
214/2004 Sb.;Zákon o zřízení Univerzity obrany
214/2009 Sb.;Zákon o státním dluhopisovém programu
214/2022 Sb.;Zákon o důvodech pro zastavení exekuce
215/1919 Sb.;Zákon o zabrání velkého majetku pozemkového
215/2004 Sb.;Zákon o úpravě vztahů v oblasti veřejné podpory
216/1994 Sb.;Zákon o rozhodčím řízení
217/1994 Sb.;Zákon o jednorázové částce obětem nacistické perzekuce
218/2000 Sb.;Rozpočtová pravidla
218/2003 Sb.;Zákon o soudnictví ve věcech mládeže
219/1999 Sb.;Zákon o ozbrojených silách
219/2000 Sb.;Zákon o majetku ČR
219/2002 Sb.;Zákon o změnách v soustavě ústř. orgánů státní správy
219/2003 Sb.;Zákon o oběhu osiva a sadby
22/1930 Sb.;Zákon o zásluhách T. G. Masaryka.
22/1997 Sb.;Zákon o technických požadavcích na výrobky
22/2004 Sb.;Zákon o místním referendu
220/1991 Sb.;Zákon o ČLK, ČSK a ČLnK
221/1999 Sb.;Zákon o vojácích z povolání
221/2003 Sb.;Zákon o dočasné ochraně cizinců
221/2006 Sb.;Zákon o vymáhání práv z průmyslového vlastnictví
221/2021 Sb.;Zahrádkářský zákon
222/1999 Sb.;Zákon o zajišťování obrany
222/2009 Sb.;Zákon o volném pohybu služeb
222/2016 Sb.;Zákon o Sbírce zákonů a mezinárodních smluv
223/1994 Sb.;Zákon o sloučení ČSOPK s HK
223/2016 Sb.;Zákon o prodejní době v maloobchodě a velkoobchodě
224/2015 Sb.;Zákon o prevenci závažných havárií
225/2022 Sb.;Zákon o prekurzorech výbušnin
226/2013 Sb.;Zákon o uvádění dřeva a výrobků na trh
227/2006 Sb.;Zákon o výzkumu na lidských embryonálních kmenových buňkách
228/1946 Sb.;Zákon o rozhodčích soudech
228/2005 Sb.;Zákon o kontrole obchodu s výrobky
228/2020 Sb.;Zákon o státní záruce na zajištění dluhů ČMZRB
229/1991 Sb.;Zákon o půdě
229/1992 Sb.;Zákon o komoditních burzách
229/2002 Sb.;Zákon o finančním arbitrovi
229/2013 Sb.;Zákon o nakládání s bezpečnostním materiálem
23/1991 Sb.;Listina základních práv a svobod ČSFR
23/2017 Sb.;Zákon o pravidlech rozpočtové odpovědnosti
231/1991 Sb.;Zákon o působnosti v mimosoudních rehabilitacích
231/2001 Sb.;Zákon o provozování rozhlasového a televizního vysílání
232/1935 Sb.;Zákon o státní poctě prvnímu presidentu ČSR
232/2006 Sb.;Zákon o přijetí úvěru na vodovody a kanalizace
234/2014 Sb.;Zákon o státní službě
235/2004 Sb.;Zákon o dani z přidané hodnoty
235/2012 Sb.;Úst. zákon o změnách hranic s Rakouskou republikou
236/1920 Sb.;Úst. zákon o státním občanství a právu domovském
236/1995 Sb.;Zákon o platu představitelů státní moci
239/1992 Sb.;Zákon o SFK
239/2000 Sb.;Zákon o integrovaném záchranném systému
240/2000 Sb.;Krizový zákon
240/2013 Sb.;Zákon o investičních společnostech
241/2000 Sb.;Zákon o hospodářských opatřeních pro krizové stavy
242/2000 Sb.;Zákon o ekologickém zemědělství
242/2016 Sb.;Celní zákon
242/2022 Sb.;Zákon o službách sdílení videonahrávek
243/1992 Sb.;Zákon o úpravě otázek souvisejících se zákonem o půdě
243/2000 Sb.;Zákon o rozpočtovém určení daní
243/2020 Sb.;Zákon o postihování porušení krizových a mimoř. opatření
243/2022 Sb.;Zákon o omezení dopadu plast. výrobků na životní prostředí
244/2008 Sb.;Zákon o státním dluhopisovém programu
245/1948 Sb.;Zákon o štátnom občianstve osôb maďarskej národnosti
245/2000 Sb.;Zákon o státních svátcích
246/1992 Sb.;Zákon na ochranu zvířat
246/2017 Sb.;Zákon o evropských politických stranách
247/1995 Sb.;Zákon o volbách do Parlamentu
247/2000 Sb.;Zákon o získávání způsobilosti k řízení motorových vozidel
247/2006 Sb.;Zákon o omezení provozu zastaváren
247/2014 Sb.;Zákon o dětských skupinách
247/2020 Sb.;Zákon o opatřeních v oblasti kulturních akcí
248/2000 Sb.;Zákon o podpoře regionálního rozvoje
248/2020 Sb.;Zákon o opatřeních v oblasti ochrany zaměstnanců
249/1948 Sb.;Zákon o zestátnění ústavů zemědělského
249/2020 Sb.;Zákon o opatřeních v oblasti sportu
249/2021 Sb.;Zákon o opatřeních v oblasti realitního zprostředkování
25/2008 Sb.;Zákon o registru znečišťování životního prostředí
25/2017 Sb.;Zákon o sběru údajů pro řízení veřejných financí
250/2000 Sb.;Zákon o rozpočtových pravidlech územních rozpočtů
250/2016 Sb.;Přestupkový zákon
250/2017 Sb.;Zákon o elektronické identifikaci
250/2021 Sb.;Zákon o bezpečnosti práce
251/1946 Sb.;Zákon o vyvlastnění Pražského sanatoria
251/2005 Sb.;Zákon o inspekci práce
251/2016 Sb.;Zákon o některých přestupcích
252/1997 Sb.;Zákon o zemědělství
253/2008 Sb.;Zákon o legalizaci výnosů z trestné činnosti
254/2001 Sb.;Vodní zákon
254/2004 Sb.;Zákon o omezení plateb v hotovosti
254/2019 Sb.;Zákon o znalcích
255/1921 Sb.;Zákon o 24hodinovém počítání času
255/1946 Sb.;Zákon o příslušnících čs. armády v zahraničí
255/2012 Sb.;Kontrolní řád
255/2020 Sb.;Zákon o snížení penále z pojistného na sociální zabezpečení
256/2000 Sb.;Zákon o SZIF
256/2001 Sb.;Zákon o pohřebnictví
256/2004 Sb.;Zákon o podnikání na kapitálovém trhu
256/2013 Sb.;Katastrální zákon
257/1992 Sb.;Zákon o soudních poplatcích za řízení u NS ČSFR
257/2000 Sb.;Zákon o Probační a mediační službě
257/2001 Sb.;Knihovní zákon
257/2016 Sb.;Zákon o spotřebitelském úvěru
258/2000 Sb.;Zákon o ochraně veřejného zdraví
26/1993 Sb.;Zákon o změně zákonů o vnitřním pořádku a bezpečnosti
26/2000 Sb.;Zákon o veřejných dražbách
26/2022 Sb.;Zákon o mimoř. ředitelském volnu
261/2007 Sb.;Zákon o stabilizaci veřejných rozpočtů
262/2006 Sb.;Zákoník práce
262/2011 Sb.;Zákon o účastnících odboje proti komunismu
262/2017 Sb.;Zákon o náhradě škody v oblasti hospodářské soutěže
263/2016 Sb.;Atomový zákon
265/1991 Sb.;Zákon o působnosti v oblasti cen
266/1994 Sb.;Zákon o dráhách
269/1994 Sb.;Zákon o Rejstříku trestů
269/2021 Sb.;Zákon o občanských průkazech
272/1996 Sb.;Zákon o opatřeních v soustavě ústř. orgánů státní správy
272/2013 Sb.;Zákon o prekursorech drog
273/1948 Sb.;Zákon o závazcích dotčených znárodňovacími předpisy
273/1996 Sb.;Zákon o ÚOHS
273/2001 Sb.;Zákon o právech příslušníků národnostních menšin
273/2008 Sb.;Zákon o Policii
274/2001 Sb.;Zákon o vodovodech a kanalizacích
274/2002 Sb.;Zákon o přijetí úvěru na projekt dálničního obchvatu Plzně
275/2012 Sb.;Zákon o volbě prezidenta republiky
276/2003 Sb.;Zákon o Antarktidě
277/2009 Sb.;Zákon o pojišťovnictví
277/2013 Sb.;Zákon o směnárenské činnosti
279/1992 Sb.;Zákon o dalších předpokladech pro výkon funkcí
279/2003 Sb.;Zákon o výkonu zajištění majetku a věcí v trestním řízení
28/1945 Sb.;Dekret o osídlení zemědělské půdy
280/1992 Sb.;Zákon o zdravotních pojišťovnách
280/2009 Sb.;Daňový řád
281/2002 Sb.;Zákon o zákazu bakteriologických a toxinových zbraní
282/1991 Sb.;Zákon o České inspekci životního prostředí
283/1992 Sb.;Zákon o Akademii věd
283/1993 Sb.;Zákon o státním zastupitelství
283/2021 Sb.;Stavební zákon
284/2023 Sb.;Zákon o preventivní restrukturalizaci
285/2002 Sb.;Transplantační zákon
288/1990 Sb.;Zákon o opatřeních v soustavě ústř. orgánů státní správy
289/1995 Sb.;Lesní zákon
289/2005 Sb.;Zákon o Vojenském zpravodajství
29/1993 Sb.;Úst. zákon o dalších opatřeních při zániku ČSFR
29/2000 Sb.;Zákon o poštovních službách
29/2011 Sb.;Zákon o státním dluhopisovém programu
290/2002 Sb.;Zákon o přechodu věcí ČR na kraje a obce
290/2009 Sb.;Zákon o zrušení ZFDZ
292/2004 Sb.;Zákon o zásluhách E. Beneše
292/2013 Sb.;Zákon o zvláštních řízeních soudních
293/1993 Sb.;Zákon o výkonu vazby
295/2013 Sb.;Zákon o státním dluhopisovém programu
296/1992 Sb.;Zák. opatření o náhradě škod způsobených sovětskými vojsky
296/2008 Sb.;Zákon o lidských tkáních a buňkách
296/2009 Sb.;Zákon o sčítání lidu, domů a bytů v roce 2011
297/1991 Sb.;Zákon o úpravě náhrady za ztrátu na výdělku
297/2016 Sb.;Zákon o službách vytvářejících důvěru
297/2021 Sb.;Zákon o jednorázové částce sterilizovaným osobám
298/1990 Sb.;Zákon o úpravě majetkových vztahů řeholních řádů
299/2008 Sb.;Zákon o státním dluhopisovém programu
3/1993 Sb.;Zákon o státních symbolech
3/2002 Sb.;Zákon o církvích
30/1974 Sb.;Úst. zákon o souhlasu ke změnám hranic s Rak. republikou
300/2008 Sb.;Zákon o elektronických úkonech
300/2013 Sb.;Zákon o Vojenské policii
300/2016 Sb.;Zákon o centrální evidenci účtů
300/2017 Sb.;Stykový zákon
300/2020 Sb.;Zákon o prominutí pojistného na sociální zabezpečení
301/1992 Sb.;Zákon o HK a AK
301/2000 Sb.;Zákon o matrikách, jménu a příjmení
301/2020 Sb.;Zákon o kompenzacích poskytovatelům zdr. služeb
304/2013 Sb.;Zákon o veřejných rejstřících
305/1999 Sb.;Zákon o zákazu protipěchotních min
305/2000 Sb.;Zákon o povodích
306/1999 Sb.;Zákon o dotacích soukromým školám
307/1990 Sb.;Zák. opatření o provádění zákona o maj. vztazích řeh. řádů
307/2006 Sb.;Zákon o evropské družstevní společnosti
307/2013 Sb.;Zákon o povinném značení lihu
309/2000 Sb.;Zákon o obranné standardizaci
309/2006 Sb.;Zákon o zajištění bezpečnosti a ochrany zdraví při práci
31/1947 Sb.;Zákon o zásadách při rozdělování nepřátelského majetku
310/1999 Sb.;Zákon o pobytu ozbrojených sil jiných států
311/1948 Sb.;Zákon o národních dopravních podnicích
311/2006 Sb.;Zákon o pohonných hmotách
311/2013 Sb.;Zákon o převodu vlastnictví k jednotkám bytových družstev
312/2001 Sb.;Zákon o státních hranicích
312/2002 Sb.;Zákon o úřednících územních samosprávných celků
312/2006 Sb.;Zákon o insolvenčních správcích
313/2004 Sb.;Zákon o státním dluhopisovém programu
314/1991 Sb.;Zákon o zřízení univerzit
314/2002 Sb.;Zákon o stanovení obcí s pověřeným obecním úřadem
314/2004 Sb.;Zákon o přijetí úvěrů EIB na silničního okruhu kolem Prahy
318/1920 Sb.;Zákon o daru prvnímu presidentu ČSR
319/2006 Sb.;Zákon o zprůhlednění v oblasti veřejné podpory
320/2001 Sb.;Zákon o finanční kontrole
320/2015 Sb.;Zákon o HZS
321/2004 Sb.;Zákon o vinohradnictví
324/2016 Sb.;Zákon o biocidech
324/2021 Sb.;Zákon o jednorázovém odškodnění Vlachovice-Vrbětice
325/1999 Sb.;Zákon o azylu
325/2021 Sb.;Zákon o elektronizaci zdravotnictví
326/1999 Sb.;Zákon o pobytu cizinců
326/2004 Sb.;Zákon o rostlinolékařské péči
329/1920 Sb.;Zákon náhradový
329/1999 Sb.;Zákon o cestovních dokladech
329/2011 Sb.;Zákon o dávkách osobám se zdravotním postižením
33/1945 Sb.;Úst. dekret o čs. státním občanství
331/1993 Sb.;Zákon o státním rozpočtu
332/2020 Sb.;Zákon o sčítání lidu, domů a bytů v roce 2021
334/1992 Sb.;Zákon o ochraně půdního fondu
335/2020 Sb.;Zákon o mezinár. spolupráci při řešení daňových sporů v EU
336/2018 Sb.;Zákon o státním rozpočtu
338/1992 Sb.;Zákon o dani z nemovitostí
34/1946 Sb.;Zákon o vymezení pojmu čs. partyzána
34/1948 Sb.;Zákon o revisi trestního řízení
34/1953 Sb.;Zákon o nabývaní čs. státního občanství
34/2021 Sb.;Zákon o prověřování zahraničních investic
34/2023 Sb.;Zákon o koordinaci spolupráce s OLAF
340/2006 Sb.;Zákon o zaměstnaneckém penzijním pojištění
340/2015 Sb.;Zákon o registru smluv
341/2005 Sb.;Zákon o veřejných výzkumných institucích
341/2011 Sb.;Zákon o GIBS
342/1999 Sb.;Zákon o státních dluhopisových programech
345/2014 Sb.;Zákon o státním rozpočtu
347/1997 Sb.;Úst. zákon o vytvoření vyšších územních samosprávných celků
348/2005 Sb.;Zákon o rozhlasových a televizních poplatcích
349/1999 Sb.;Zákon o Veřejném ochránci práv
35/1945 Sb.;Dekret o omezení výplat vkladů
35/1946 Sb.;Zákon o obnovení university v Olomouci
35/2021 Sb.;Zákon o Sbírce předpisů územních samosprávných celků
350/2011 Sb.;Chemický zákon
352/2001 Sb.;Zákon o užívání státních symbolů
353/2003 Sb.;Zákon o spotřebních daních
353/2019 Sb.;Nominační zákon
354/1921 Sb.;Zákon o převzetí majetku podle mírových smluv
354/2019 Sb.;Zákon o soudních tlumočnících a překladatelích
355/2014 Sb.;Zákon o působnosti Celní správy při vymáhání práv duš. vl.
355/2019 Sb.;Zákon o státním rozpočtu
357/2005 Sb.;Zákon o ocenění účastníků národního boje
358/1992 Sb.;Notářský řád
359/1992 Sb.;Zákon o zeměměřických a katastrálních orgánech
359/1999 Sb.;Zákon o sociálně-právní ochraně dětí
36/1945 Sb.;Dekret o plnění závazků v říšských markách
36/1993 Sb.;Zákon o rozhlasovém a televizním vysílání
360/1992 Sb.;Autorizační zákon
360/2004 Sb.;Zákon o EHZS
360/2007 Sb.;Zákon o státním rozpočtu
360/2022 Sb.;Zákon o podpoře nízkoemisních vozidel
361/2000 Sb.;Zákon o provozu na pozemních komunikacích
361/2003 Sb.;Zákon o služebním poměru příslušníků bezpečnostních sborů
362/2022 Sb.;Zákon o dovozu kulturních statků na celní území EU
364/2000 Sb.;Zákon o zrušení FDM
365/2000 Sb.;Zákon o informačních systémech veřejné správy
367/2021 Sb.;Zákon o přechodu k nízkouhlíkové energetice
37/1982 Sb.;Úst. zákon o změnách hranic s NDR
37/1995 Sb.;Zákon o neperiodických publikacích
37/2021 Sb.;Zákon o evidenci skutečných majitelů
370/2017 Sb.;Zákon o platebním styku
372/2011 Sb.;Zákon o zdravotních službách
373/2011 Sb.;Zákon o specifických zdravotních službách
374/2011 Sb.;Zákon o ZZS
374/2015 Sb.;Zákon o ozdravných postupech na finančním trhu
375/1992 Sb.;Zákon o změně názvu VŠV v Brně a PedF v Hradci Králové
375/2004 Sb.;Zákon o zřízení VŠP Jihlava
375/2022 Sb.;Zákon o zdravotnických prostředcích in vitro
376/2015 Sb.;Zákon o ukončení důchodového spoření
377/2005 Sb.;Zákon o finančních konglomerátech
378/2005 Sb.;Zákon o podpoře výstavby družstevních bytů
378/2007 Sb.;Zákon o léčivech
38/1959 Sb.;Zákon o úpravě nároků mezi čs. a polskými osobami
38/1994 Sb.;Zákon o zahraničním obchodu s vojenským materiálem 
38/2008 Sb.;Zákon o vývozu a dovozu zboží pro výkon trestu smrti
381/1991 Sb.;Zákon o KVL
381/2015 Sb.;Zákon o jednorázovém příspěvku důchodci
382/2009 Sb.;Zákon o státním dluhopisovém programu
383/2012 Sb.;Zákon o obchodování s povolenkami na emise
387/2004 Sb.;Zákon o změnách hranic krajů
388/1991 Sb.;Zákon o SFŽP
39/1993 Sb.;Zákon o sankcích za nedodržování transformačního zákona
39/2020 Sb.;Zákon o realitním zprostředkování
395/2009 Sb.;Zákon o významné tržní síle
4/1993 Sb.;Úst. zákon o opatřeních při zániku ČSFR
40/1995 Sb.;Zákon o regulaci reklamy
40/2009 Sb.;Trestní zákoník
400/2015 Sb.;Zákon o státním rozpočtu
403/1990 Sb.;Zákon o zmírnění následků majetkových křivd
404/1990 Sb.;Zákon o státních vyznamenáních ČSFR
404/2000 Sb.;Zákon o zřízení Univerzity Tomáše Bati ve Zlíně
406/2000 Sb.;Zákon o hospodaření energií
408/2000 Sb.;Zákon o ochraně práv k odrůdám
408/2010 Sb.;Zákon o finančním zajištění
41/1953 Sb.;Zákon o peněžní reformě
411/2010 Sb.;Zákon o státním dluhopisovém programu
411/2022 Sb.;Zákon o zvláštních způsobech hlasování ve volbě prezidenta
412/2005 Sb.;Zákon o ochraně utajovaných informací
413/2008 Sb.;Zákon o státním dluhopisovém programu
416/2009 Sb.;Liniový zákon
416/2023 Sb.;Zákon o dorovnávacích daních
417/2004 Sb.;Zákon o patentových zástupcích
418/2011 Sb.;Zákon o trestní odpovědnosti právnických osob
42/1992 Sb.;Zákon o úpravě majetkových vztahů v družstvech
42/1994 Sb.;Zákon o penzijním připojištění
420/2004 Sb.;Zákon o přezkoumávání hospodaření územních samospr. celků
424/1991 Sb.;Zákon o politických stranách a hnutích
427/1990 Sb.;Zákon o převodech vlastnictví státu na jiné osoby
427/2003 Sb.;Zákon o mimořádném určování platu představitelů státní moci
427/2011 Sb.;Zákon o doplňkovém penzijním spoření
428/2012 Sb.;Zákon o majetkovém vyrovnání s církvemi
43/1988 Sb.;Úst. zákon o souhlasu ke změnám hranic s PLR
433/2010 Sb.;Zákon o státním rozpočtu
433/2023 Sb.;Zákon o státním rozpočtu
435/2004 Sb.;Zákon o zaměstnanosti
437/2020 Sb.;Zákon o úpravách v oblasti dávek státní sociální podpory
438/2020 Sb.;Zákon o úpravách poskytování ošetřovného
44/1988 Sb.;Horní zákon
440/2003 Sb.;Zákon o nakládání se surovými diamanty
441/2003 Sb.;Zákon o ochranných známkách
449/2001 Sb.;Zákon o myslivosti
449/2022 Sb.;Zákon o státním rozpočtu
45/2013 Sb.;Zákon o obětech trestných činů
45/2016 Sb.;Zákon o službě vojáků v záloze
45/2020 Sb.;Zákon o zamezení dvojímu zdanění ve vztahu k Tchaj-wanu
451/1991 Sb.;Zákon o dalších předpokladech pro výkon funkcí v ČSFR
452/2001 Sb.;Zákon o ochraně označení původu
455/1991 Sb.;Živnostenský zákon
455/2011 Sb.;Zákon o státním rozpočtu
456/2011 Sb.;Zákon o Finanční správě
457/2003 Sb.;Zákon o státním rozpočtu
457/2016 Sb.;Zákon o státním rozpočtu
458/2000 Sb.;Energetický zákon
46/1948 Sb.;Zákon o nové pozemkové reformě
46/2000 Sb.;Tiskový zákon
46/2002 Sb.;Zákon o přijetí úvěru projekt českých dálnic B
460/1919 Sb.;Zákon o zřízení VŠZ v Brně
461/2020 Sb.;Zákon o kompenzačním bonusu
462/1919 Sb.;Zákon o propůjčování míst legionářům
469/2020 Sb.;Zákon o jednorázovém příspěvku důchodci 2020
47/1945 Sb.;Úst. dekret o Prozatímním Národním shromáždění
47/2002 Sb.;Zákon o podpoře malého a středního podnikání
471/2011 Sb.;Zákon o mezinár. pomoci při vymáhání finančních pohledávek
472/2004 Sb.;Zákon o přijetí úvěrů EIB na výstavbu dálnice D8
474/2017 Sb.;Zákon o státním rozpočtu
475/2008 Sb.;Zákon o státním rozpočtu
475/2013 Sb.;Zákon o státním rozpočtu
477/2001 Sb.;Zákon o obalech
478/1992 Sb.;Zákon o užitných vzorech
48/1997 Sb.;Zákon o veřejném zdravotním pojištění
48/2004 Sb.;Zákon o zabezpečení prezidenta republiky po skončení funkce
480/1991 Sb.;Zákon o době nesvobody
480/2004 Sb.;Zákon o službách informační společnosti
482/2020 Sb.;Zákon o odškodnění obětí potlačení demonstrací
483/1991 Sb.;Zákon o České televizi
484/1991 Sb.;Zákon o Českém rozhlasu
485/2008 Sb.;Zákon o přechodu Úrazové nemocnice v Brně
487/2009 Sb.;Zákon o státním rozpočtu
49/1997 Sb.;Zákon o civilním letectví 
490/2001 Sb.;Zákon o státním rozpočtu
491/2000 Sb.;Zákon o státním rozpočtu
491/2001 Sb.;Zákon o volbách do zastupitelstev obcí
493/2000 Sb.;Zákon o státních dluhopisových programech
496/1990 Sb.;Úst. zákon o navrácení majetku KSČ
496/2012 Sb.;Zákon o audiovizi
497/1990 Sb.;Úst. zákon o navrácení majetku SSM
499/2004 Sb.;Zákon o archivnictví
5/1945 Sb.;Dekret o neplatnosti jednání z doby nesvobody
50/1919 Sb.;Zákon o zřízeni druhé české university
50/1945 Sb.;Dekret o opatřeních v oblasti filmu
500/1990 Sb.;Zákon o působnosti při převodů vl. státu na jiné osoby
500/2004 Sb.;Správní řád
503/2012 Sb.;Zákon o SPÚ
504/1921 Sb.;Zákon o povinnost vrátiti nebo vydati věci movité
504/2012 Sb.;Zákon o státním rozpočtu
505/1990 Sb.;Zákon o metrologii
51/2020 Sb.;Zákon o územně správním členění státu
515/2002 Sb.;Úst. zákon o referendu o přistoupení k EU
517/1992 Sb.;Zákon o ČTK
518/2021 Sb.;Zákon o mimoř. příspěvku zaměstnanci
519/2021 Sb.;Zákon o kompenzačním bonusu
520/2021 Sb.;Zákon o úpravách ošetřovného v souvislosti s COVID-19
523/1992 Sb.;Zákon o daňovém poradenství a KDP
526/1990 Sb.;Zákon o cenách
527/1990 Sb.;Zákon o vynálezech
529/1991 Sb.;Zákon o ochraně topografií polovodičových výrobků
53/1945 Sb.;Dekret o odčinění křivd veřejným zaměstnancům
53/1946 Sb.;Zákon o zřízení VŠUP v Praze
53/1948 Sb.;Zákon o vyvlastnění nemovitosti v k. ú. Královské Vinohrady
539/1992 Sb.;Puncovní zákon
539/2020 Sb.;Zákon o opatřeních v oblasti kvalifikačních předpokladů
54/1945 Sb.;Dekret o přihlašování a zjišťování válečných škod
54/1946 Sb.;Zákon o letním čase
541/1992 Sb.;Úst. zákon o dělení majetku ČSFR
541/2020 Sb.;Zákon o odpadech
542/1992 Sb.;Úst. zákon o zániku ČSFR
542/2020 Sb.;Zákon o výrobcích s ukončenou životností
543/2005 Sb.;Zákon o státním rozpočtu
547/2005 Sb.;Zákon o státním dluhopisovém programu
549/1991 Sb.;Zákon o soudních poplatcích
551/1991 Sb.;Zákon o VZP
553/1991 Sb.;Zákon o obecní policii
555/1992 Sb.;Zákon o Vězeňské a justiční stráži
56/2001 Sb.;Zákon o provozu vozidel na pozemních komunikacích 
561/2004 Sb.;Školský zákon
563/1991 Sb.;Zákon o účetnictví
563/2004 Sb.;Zákon o pedagogických pracovnících
565/1990 Sb.;Zákon o místních poplatcích
569/2020 Sb.;Zákon o očkování proti COVID-19
57/1957 Sb.;Zákon o úpravě nároků mezi čs. a jugoslávskými občany
57/2022 Sb.;Zákon o státním rozpočtu
570/1991 Sb.;Zákon o živnostenských úřadech
572/2006 Sb.;Zákon o přijetí úvěru EIB na protipovodňová opatření
574/2002 Sb.;Zákon o přijetí úvěru EIB na odstraňování povodňových škod
579/2002 Sb.;Zákon o státním rozpočtu
58/1945 Sb.;Dekret o platovém přídavku
58/1995 Sb.;Zákon o pojišťování a financování vývozu
58/2000 Sb.;Zákon o státním rozpočtu
582/1991 Sb.;Zákon o organizaci sociálního zabezpečení
585/2004 Sb.;Branný zákon
586/1992 Sb.;Zákon o daních z příjmů
587/2004 Sb.;Zákon o zrušení civilní služby
588/2020 Sb.;Zákon o náhradním výživném
589/1992 Sb.;Zákon o pojistném na sociální zabezpečení
59/1945 Sb.;Dekret o zrušení jmenování z doby nesvobody
59/1996 Sb.;Zákon o sídle Parlamentu
59/2017 Sb.;Zákon o použití prostředků z majetkových trestních sankcí
592/1992 Sb.;Zákon o pojistném na všeobecné zdravotní pojištění
593/1992 Sb.;Zákon o rezervách
594/2004 Sb.;Zákon o režimu ES pro kontrolu vývozu zboží dvojího užití
597/1992 Sb.;Zákon o zrušení ČSR, ČST a ČSTK
599/1992 Sb.;Zákon o zrušení Československé akademie
6/1993 Sb.;Zákon o ČNB
6/2002 Sb.;Zákon o soudech a soudcích
60/1945 Sb.;Úst. dekret o Zakarpatské Ukrajině
60/1993 Sb.;Zákon o oddělení měny
60/2000 Sb.;Zákon o ochraně olympijských symbolik
600/2020 Sb.;Zákon o státním rozpočtu
61/1918 Sb.;Zákon o zrušení šlechtictví, řádů a titulů
61/1956 Sb.;Zák. opatření o těžbě rašelin
61/1988 Sb.;Zákon o hornické činnosti a o státní báňské správě
61/1997 Sb.;Zákon o lihu
61/2000 Sb.;Zákon o námořní plavbě
62/1958 Sb.;Úst. zákon o vytyčení státních hranic s PLR
62/1983 Sb.;Zákon o věrnostním přídavku horníků
62/1988 Sb.;Zákon o geologických pracích a o ČGÚ
62/2003 Sb.;Zákon o volbách do Evropského parlamentu
622/2006 Sb.;Zákon o státním rozpočtu
623/2006 Sb.;Zákon o státním dluhopisovém programu
625/1992 Sb.;Zákon o zániku ČSD
627/2004 Sb.;Zákon o evropské společnosti
629/2004 Sb.;Zákon o právní pomoci v přeshraničních sporech v rámci EU
63/2000 Sb.;Zákon o ochraně před dovozem subvencovaných výrobků
633/2004 Sb.;Úst. zákon o změně hranic se SRN
634/1992 Sb.;Zákon o ochraně spotřebitele
634/2004 Sb.;Zákon o správních poplatcích
64/1986 Sb.;Zákon o ČOI
65/2017 Sb.;Zákon o ochraně zdraví návykovými látkámi
65/2022 Sb.;Zákon o konfliktu na Ukrajině
66/1974 Sb.;Úst. zákon o změnách hranic s Rakouskou republikou
66/1986 Sb.;Zákon o umělém přerušení těhotenství
66/2022 Sb.;Zákon o konfliktu na Ukrajině (oblast zaměstnanosti)
67/1945 Sb.;Dekret o disciplinárních a kvalifikačních komisích
67/2013 Sb.;Zákon o poskytování plnění spojených s užíváním bytů
67/2022 Sb.;Zákon o konfliktu na Ukrajině (oblast školství)
67/2023 Sb.;Zákon o šíření teroristického obsahu online
675/2004 Sb.;Zákon o státním rozpočtu
68/1925 Sb.;Zákon o připojení a zřízení nemocnic v Praze
68/1945 Sb.;Dekret o reaktivaci veřejných zaměstnanců
69/1945 Sb.;Dekret o přeložení VŠB
69/1998 Sb.;Úst. zákon o zkrácení volebního období Poslanecké sněmovny
69/2006 Sb.;Zákon o provádění mezinárodních sankcí
69/2010 Sb.;Zákon o vlastnictví letiště Praha-Ruzyně
7/2002 Sb.;Zákon o řízení ve věcech soudců a státních zástupců
71/1994 Sb.;Zákon o předmětech kulturní hodnoty
72/2000 Sb.;Zákon o investičních pobídkách
73/1936 Sb.;Zákon o Ostravsko-Frýdlantské dráze
73/2011 Sb.;Zákon o Úřadu práce
73/2012 Sb.;Zákon o látkách, které poškozují ozonovou vrstvu
74/1945 Sb.;Dekret o reaktivaci provdaných žen
74/1946 Sb.;Úst. zákon o udělení občanství vracejícím se krajanům
74/1990 Sb.;Zákon o novém znění vojenské přísahy a služební přísahy
74/1997 Sb.;Úst. zákon o změnách hranic se Slovenskou republikou
76/1918 Sb.;Zákon o zřízení VŠZ v Brně
76/1920 Sb.;Zákon o inkorporaci kraje Hlučínského
76/1946 Sb.;Zákon o soudních rozhodnutích v obč. věcech z doby nesvobody
76/2002 Sb.;Zákon o integrované prevenci
76/2004 Sb.;Úst. zákon o změnách hranic s Rakouskou republikou
77/1997 Sb.;Zákon o státním podniku
77/2002 Sb.;Zákon o Českých dráhách a Správě železnic
78/1930 Sb.;Zákon o místních dráhách Zaječí—Hodonín a Mutěnice—Kyjov
78/2004 Sb.;Zákon o nakládání s GMO
79/1945 Sb.;Dekret o soudnictví
8/1918 Sb.;Zákon o zrušení zabavení jmění pro činy velezrádné
8/1945 Sb.;Dekret o věnování nemovitostí SSSR
80/1945 Sb.;Dekret o středoevropském času
81/1920 Sb.;Zákon přídělový
81/1945 Sb.;Dekret o opatřeních v oboru spolkovém
82/1998 Sb.;Zákon o odpovědnosti státu za škodu
83/1945 Sb.;Dekret o branné povinnosti
83/1946 Sb.;Zákon o poměrech Němců, Maďarů, zrádců a jejich pomahačů
83/2010 Sb.;Zákon o státním dluhopisovém programu
83/2013 Sb.;Zákon o označování výbušnin pro civilní použití
84/1919 Sb.;Zákon o okolkování bankovek a soupisu jmění
84/1945 Sb.;Dekret o délce presenční služby
84/1990 Sb.;Zákon o právu shromažďovacím
85/1945 Sb.;Dekret o zrušení školného
85/1990 Sb.;Zákon o právu petičním
85/1996 Sb.;Zákon o advokacii
85/2012 Sb.;Zákon o ukládání oxidu uhličitého
86/1945 Sb.;Dekret o finanční stráži
87/1991 Sb.;Zákon o mimosoudních rehabilitacích
87/1995 Sb.;Zákon o spořitelních a úvěrních družstvech
87/2023 Sb.;Zákon o dozoru nad trhem s výrobky
89/1995 Sb.;Zákon o státní statistické službě
89/2012 Sb.;Občanský zákoník
89/2014 Sb.;Zákon o státním dluhopisovém programu
90/1947 Sb.;Zákon o provedení knihovního pořádku
90/1995 Sb.;Zákon o jednacím řádu Poslanecké sněmovny
90/2012 Sb.;Zákon o obchodních korporacích
90/2016 Sb.;Zákon o posuzování shody výrobků
91/1945 Sb.;Dekret o obnovení československé měny
91/1996 Sb.;Zákon o krmivech
91/2012 Sb.;Zákon o mezinárodním právu soukromém
91/2022 Sb.;Zákon o panevropském osobním penzijním produktu
92/1991 Sb.;Zákon o převodu majetku státu na jiné osoby
93/1945 Sb.;Dekret o opatřeních v oboru sociálního pojištění
93/2009 Sb.;Zákon o auditorech
93/2018 Sb.;Zákon o genetických zdrojích podle Nagojského protokolu
94/2009 Sb.;Zákon o přijetí úvěru EIB na vodovody a kanalizace
94/2012 Sb.;Zákon o zásluhách V. Havla
94/2021 Sb.;Zákon o mimoř. opatřeních při epidemii
95/1945 Sb.;Dekret o přihlášení vkladů u peněžních ústavů
95/2004 Sb.;Zákon o způsobilosti k výkonu zdravotnického povolání
95/2012 Sb.;Zákon o státním dluhopisovém programu
95/2021 Sb.;Zákon o kompenzačním bonusu
96/1931 Sb.;Zákon o místní dráze Litovel—Senice
96/1945 Sb.;Dekret o zřízení pobočky LF UK v Hradci Králové
96/1993 Sb.;Zákon o stavebním spoření
96/2004 Sb.;Zákon o nelékařských zdravotnických povoláních
96/2011 Sb.;Zákon o státním dluhopisovém programu
97/1993 Sb.;Zákon o SSHR
97/1996 Sb.;Zákon o ochraně chmele
98/1931 Sb.;Zákon o místní dráze Liberec—Tanvald
98/1937 Sb.;Zákon o platnosti sňatků na území Slovenska
98/1987 Sb.;Zákon o zvláštním příspěvku horníkům
99/1963 Sb.;Občanský soudní řád
99/2000 Sb.;Zákon o zákazu dodávek pro jadernou elektrárnu Búšehr
99/2004 Sb.;Zákon o rybářství
99/2019 Sb.;Zákon o přístupnosti internetových stránek